pair_id,contract_name,contract_family,proxy_type,v1_path,v2_path,expected_verdict,safety_category,mutation_operator,mutation_components,mutation_count,changed_function,changed_variable,affected_slot,expected_behavior_difference,compiler_version,LOC,number_of_functions,number_of_storage_variables,number_of_branches,external_call_count
tokenledger_safe_01_append_state_variable,TokenLedger,token,transparent,dataset/originals/token/TokenLedger.sol,dataset/pairs/safe/tokenledger_safe_01_append_state_variable/V2.sol,Safe,safe,append_state_variable,append_state_variable,1,,releaseTag,,new terminal slot,0.8.30,66,8,8,6,1
tokenledger_safe_02_add_function,TokenLedger,token,transparent,dataset/originals/token/TokenLedger.sol,dataset/pairs/safe/tokenledger_safe_02_add_function/V2.sol,Safe,safe,add_function,add_function,1,implementationVersion,,,new selector only,0.8.30,66,8,8,6,1
tokenledger_safe_03_add_event,TokenLedger,token,transparent,dataset/originals/token/TokenLedger.sol,dataset/pairs/safe/tokenledger_safe_03_add_event/V2.sol,Safe,safe,add_event,add_event,1,,,,new event declaration only,0.8.30,66,8,8,6,1
tokenledger_unsafe_storage_01_reorder_state_variables,TokenLedger,token,transparent,dataset/originals/token/TokenLedger.sol,dataset/pairs/unsafe_storage/tokenledger_unsafe_storage_01_reorder_state_variables/V2.sol,Unsafe,storage,reorder_state_variables,reorder_state_variables,1,,"owner,total",1;2,slot/type interpretation changes,0.8.30,66,8,8,6,1
tokenledger_unsafe_storage_02_insert_state_variable,TokenLedger,token,transparent,dataset/originals/token/TokenLedger.sol,dataset/pairs/unsafe_storage/tokenledger_unsafe_storage_02_insert_state_variable/V2.sol,Unsafe,storage,insert_state_variable,insert_state_variable,1,,total,2;3;4;5,all following roots shift,0.8.30,66,8,8,6,1
tokenledger_unsafe_storage_03_change_storage_type,TokenLedger,token,transparent,dataset/originals/token/TokenLedger.sol,dataset/pairs/unsafe_storage/tokenledger_unsafe_storage_03_change_storage_type/V2.sol,Unsafe,storage,change_storage_type,change_storage_type,1,,inheritedEpoch,0,semantic type changes at equal width,0.8.30,66,8,8,6,1
tokenledger_unsafe_behavior_01_arithmetic_operator_change,TokenLedger,token,transparent,dataset/originals/token/TokenLedger.sol,dataset/pairs/unsafe_behavior/tokenledger_unsafe_behavior_01_arithmetic_operator_change/V2.sol,Unsafe,behavior,arithmetic_operator_change,arithmetic_operator_change,1,mintCredit,total,,post-state and return differ,0.8.30,66,8,8,6,1
tokenledger_unsafe_behavior_02_comparison_operator_change,TokenLedger,token,transparent,dataset/originals/token/TokenLedger.sol,dataset/pairs/unsafe_behavior/tokenledger_unsafe_behavior_02_comparison_operator_change/V2.sol,Unsafe,behavior,comparison_operator_change,comparison_operator_change,1,mintCredit,,,status differs at amount = limit,0.8.30,66,8,8,6,1
tokenledger_unsafe_behavior_03_omit_state_update,TokenLedger,token,transparent,dataset/originals/token/TokenLedger.sol,dataset/pairs/unsafe_behavior/tokenledger_unsafe_behavior_03_omit_state_update/V2.sol,Unsafe,behavior,omit_state_update,omit_state_update,1,mintCredit,total,,total is not updated,0.8.30,66,8,8,6,1
tokenledger_unsafe_mixed_01_reorder_state_variables+remove_require,TokenLedger,token,transparent,dataset/originals/token/TokenLedger.sol,dataset/pairs/unsafe_mixed/tokenledger_unsafe_mixed_01_reorder_state_variables+remove_require/V2.sol,Unsafe,mixed,reorder_state_variables+remove_require,reorder_state_variables;remove_require,2,mintCredit,"owner,total",1;2,slot/type interpretation changes; inactive call becomes successful,0.8.30,66,8,8,6,1
tokenledger_unsafe_mixed_02_change_packed_width+omit_event,TokenLedger,token,transparent,dataset/originals/token/TokenLedger.sol,dataset/pairs/unsafe_mixed/tokenledger_unsafe_mixed_02_change_packed_width+omit_event/V2.sol,Unsafe,mixed,change_packed_width+omit_event,change_packed_width;omit_event,2,mintCredit,"inheritedEpoch,guardian",0;1;2;3;4;5,inherited packed offset changes; event trace differs,0.8.30,66,8,8,6,1
tokenrewards_safe_01_rename_internal_state_variable,TokenRewards,token,uups,dataset/originals/token/TokenRewards.sol,dataset/pairs/safe/tokenrewards_safe_01_rename_internal_state_variable/V2.sol,Safe,safe,rename_internal_state_variable,rename_internal_state_variable,1,,inheritedEpoch,0,internal identifier changes at the same physical location,0.8.30,62,7,8,6,1
tokenrewards_safe_02_rename_local_variable,TokenRewards,token,uups,dataset/originals/token/TokenRewards.sol,dataset/pairs/safe/tokenrewards_safe_02_rename_local_variable/V2.sol,Safe,safe,rename_local_variable,rename_local_variable,1,awardTokens,,,alpha-renaming,0.8.30,62,7,8,6,1
tokenrewards_safe_03_equivalent_expression_refactor,TokenRewards,token,uups,dataset/originals/token/TokenRewards.sol,dataset/pairs/safe/tokenrewards_safe_03_equivalent_expression_refactor/V2.sol,Safe,safe,equivalent_expression_refactor,equivalent_expression_refactor,1,awardTokens,total,,algebraically identical checked addition,0.8.30,62,7,8,6,1
tokenrewards_unsafe_storage_01_change_packed_width,TokenRewards,token,uups,dataset/originals/token/TokenRewards.sol,dataset/pairs/unsafe_storage/tokenrewards_unsafe_storage_01_change_packed_width/V2.sol,Unsafe,storage,change_packed_width,change_packed_width,1,,"inheritedEpoch,guardian",0;1;2;3;4;5,inherited packed offset changes,0.8.30,62,7,8,6,1
tokenrewards_unsafe_storage_02_change_inheritance_order,TokenRewards,token,uups,dataset/originals/token/TokenRewards.sol,dataset/pairs/unsafe_storage/tokenrewards_unsafe_storage_02_change_inheritance_order/V2.sol,Unsafe,storage,change_inheritance_order,change_inheritance_order,1,,"inheritedEpoch,guardian",0,base linearization changes,0.8.30,62,7,8,6,1
tokenrewards_unsafe_storage_03_move_mapping_root,TokenRewards,token,uups,dataset/originals/token/TokenRewards.sol,dataset/pairs/unsafe_storage/tokenrewards_unsafe_storage_03_move_mapping_root/V2.sol,Unsafe,storage,move_mapping_root,move_mapping_root,1,,mapping,3;4,mapping root slot moves,0.8.30,62,7,8,6,1
tokenrewards_unsafe_behavior_01_wrong_state_variable,TokenRewards,token,uups,dataset/originals/token/TokenRewards.sol,dataset/pairs/unsafe_behavior/tokenrewards_unsafe_behavior_01_wrong_state_variable/V2.sol,Unsafe,behavior,wrong_state_variable,wrong_state_variable,1,awardTokens,"total,limit",,wrong state cell is updated,0.8.30,62,7,8,6,1
tokenrewards_unsafe_behavior_02_return_value_change,TokenRewards,token,uups,dataset/originals/token/TokenRewards.sol,dataset/pairs/unsafe_behavior/tokenrewards_unsafe_behavior_02_return_value_change/V2.sol,Unsafe,behavior,return_value_change,return_value_change,1,awardTokens,,,return data differs,0.8.30,62,7,8,6,1
tokenrewards_unsafe_behavior_03_omit_event,TokenRewards,token,uups,dataset/originals/token/TokenRewards.sol,dataset/pairs/unsafe_behavior/tokenrewards_unsafe_behavior_03_omit_event/V2.sol,Unsafe,behavior,omit_event,omit_event,1,awardTokens,,,event trace differs,0.8.30,62,7,8,6,1
tokenrewards_unsafe_mixed_01_rename_local_variable+comparison_operator_change,TokenRewards,token,uups,dataset/originals/token/TokenRewards.sol,dataset/pairs/unsafe_mixed/tokenrewards_unsafe_mixed_01_rename_local_variable+comparison_operator_change/V2.sol,Unsafe,mixed,rename_local_variable+comparison_operator_change,rename_local_variable;comparison_operator_change,2,awardTokens,,,alpha-renaming; status differs at amount = limit,0.8.30,62,7,8,6,1
tokenrewards_unsafe_mixed_02_equivalent_expression_refactor+remove_require,TokenRewards,token,uups,dataset/originals/token/TokenRewards.sol,dataset/pairs/unsafe_mixed/tokenrewards_unsafe_mixed_02_equivalent_expression_refactor+remove_require/V2.sol,Unsafe,mixed,equivalent_expression_refactor+remove_require,equivalent_expression_refactor;remove_require,2,awardTokens,total,,algebraically identical checked addition; inactive call becomes successful,0.8.30,62,7,8,6,1
vaultguard_safe_01_extract_internal_function,VaultGuard,vault,transparent,dataset/originals/vault/VaultGuard.sol,dataset/pairs/safe/vaultguard_safe_01_extract_internal_function/V2.sol,Safe,safe,extract_internal_function,extract_internal_function,1,depositValue,total,,semantics-preserving extraction,0.8.30,66,8,8,6,1
vaultguard_safe_02_commute_independent_writes,VaultGuard,vault,transparent,dataset/originals/vault/VaultGuard.sol,dataset/pairs/safe/vaultguard_safe_02_commute_independent_writes/V2.sol,Safe,safe,commute_independent_writes,commute_independent_writes,1,depositValue,total,,independent storage writes commute before any interaction,0.8.30,66,8,8,6,1
vaultguard_safe_03_valid_domain_guard,VaultGuard,vault,transparent,dataset/originals/vault/VaultGuard.sol,dataset/pairs/safe/vaultguard_safe_03_valid_domain_guard/V2.sol,Safe,safe,valid_domain_guard,valid_domain_guard,1,depositValue,,,preserved domain declares amount > 0,0.8.30,66,8,8,6,1
vaultguard_unsafe_storage_01_move_dynamic_array_root,VaultGuard,vault,transparent,dataset/originals/vault/VaultGuard.sol,dataset/pairs/unsafe_storage/vaultguard_unsafe_storage_01_move_dynamic_array_root/V2.sol,Unsafe,storage,move_dynamic_array_root,move_dynamic_array_root,1,,history,3;4;5,dynamic-array root slot moves,0.8.30,66,8,8,6,1
vaultguard_unsafe_storage_02_inline_assembly_legacy_slot_write,VaultGuard,vault,transparent,dataset/originals/vault/VaultGuard.sol,dataset/pairs/unsafe_storage/vaultguard_unsafe_storage_02_inline_assembly_legacy_slot_write/V2.sol,Unsafe,storage,inline_assembly_legacy_slot_write,inline_assembly_legacy_slot_write,1,overwriteLegacySlot,owner,,direct write to compiler-managed slot,0.8.30,66,8,8,6,1
vaultguard_unsafe_storage_03_namespace_collision,VaultGuard,vault,transparent,dataset/originals/vault/VaultGuard.sol,dataset/pairs/unsafe_storage/vaultguard_unsafe_storage_03_namespace_collision/V2.sol,Unsafe,storage,namespace_collision,namespace_collision,1,writeNamespace,"inheritedEpoch,guardian",,unstructured namespace collides with slot zero,0.8.30,66,8,8,6,1
vaultguard_unsafe_behavior_01_remove_require,VaultGuard,vault,transparent,dataset/originals/vault/VaultGuard.sol,dataset/pairs/unsafe_behavior/vaultguard_unsafe_behavior_01_remove_require/V2.sol,Unsafe,behavior,remove_require,remove_require,1,depositValue,,,inactive call becomes successful,0.8.30,66,8,8,6,1
vaultguard_unsafe_behavior_02_change_revert_condition,VaultGuard,vault,transparent,dataset/originals/vault/VaultGuard.sol,dataset/pairs/unsafe_behavior/vaultguard_unsafe_behavior_02_change_revert_condition/V2.sol,Unsafe,behavior,change_revert_condition,change_revert_condition,1,depositValue,,,accepted input set changes,0.8.30,66,8,8,6,1
vaultguard_unsafe_behavior_03_remove_access_modifier,VaultGuard,vault,transparent,dataset/originals/vault/VaultGuard.sol,dataset/pairs/unsafe_behavior/vaultguard_unsafe_behavior_03_remove_access_modifier/V2.sol,Unsafe,behavior,remove_access_modifier,remove_access_modifier,1,withdraw,,,unauthorized caller becomes accepted,0.8.30,66,8,8,6,1
vaultguard_unsafe_mixed_01_omit_state_update+omit_event,VaultGuard,vault,transparent,dataset/originals/vault/VaultGuard.sol,dataset/pairs/unsafe_mixed/vaultguard_unsafe_mixed_01_omit_state_update+omit_event/V2.sol,Unsafe,mixed,omit_state_update+omit_event,omit_state_update;omit_event,2,depositValue,total,,total is not updated; event trace differs,0.8.30,66,8,8,6,1
vaultguard_unsafe_mixed_02_change_inheritance_order+arithmetic_operator_change,VaultGuard,vault,transparent,dataset/originals/vault/VaultGuard.sol,dataset/pairs/unsafe_mixed/vaultguard_unsafe_mixed_02_change_inheritance_order+arithmetic_operator_change/V2.sol,Unsafe,mixed,change_inheritance_order+arithmetic_operator_change,change_inheritance_order;arithmetic_operator_change,2,depositValue,"inheritedEpoch,guardian,total",0,base linearization changes; post-state and return differ,0.8.30,66,8,8,6,1
yieldvault_safe_01_consume_storage_gap,YieldVault,vault,uups,dataset/originals/vault/YieldVault.sol,dataset/pairs/safe/yieldvault_safe_01_consume_storage_gap/V2.sol,Safe,safe,consume_storage_gap,consume_storage_gap,1,,releaseCounter,5,one reserved gap slot consumed,0.8.30,62,7,8,6,1
yieldvault_safe_02_append_state_variable,YieldVault,vault,uups,dataset/originals/vault/YieldVault.sol,dataset/pairs/safe/yieldvault_safe_02_append_state_variable/V2.sol,Safe,safe,append_state_variable,append_state_variable,1,,releaseTag,,new terminal slot,0.8.30,62,7,8,6,1
yieldvault_safe_03_add_function,YieldVault,vault,uups,dataset/originals/vault/YieldVault.sol,dataset/pairs/safe/yieldvault_safe_03_add_function/V2.sol,Safe,safe,add_function,add_function,1,implementationVersion,,,new selector only,0.8.30,62,7,8,6,1
yieldvault_unsafe_storage_01_computed_assembly_slot_write,YieldVault,vault,uups,dataset/originals/vault/YieldVault.sol,dataset/pairs/unsafe_storage/yieldvault_unsafe_storage_01_computed_assembly_slot_write/V2.sol,Unsafe,storage,computed_assembly_slot_write,computed_assembly_slot_write,1,overwriteComputedSlot,total,,computed assembly target resolves to legacy slot two,0.8.30,62,7,8,6,1
yieldvault_unsafe_storage_02_reorder_state_variables,YieldVault,vault,uups,dataset/originals/vault/YieldVault.sol,dataset/pairs/unsafe_storage/yieldvault_unsafe_storage_02_reorder_state_variables/V2.sol,Unsafe,storage,reorder_state_variables,reorder_state_variables,1,,"owner,total",1;2,slot/type interpretation changes,0.8.30,62,7,8,6,1
yieldvault_unsafe_storage_03_insert_state_variable,YieldVault,vault,uups,dataset/originals/vault/YieldVault.sol,dataset/pairs/unsafe_storage/yieldvault_unsafe_storage_03_insert_state_variable/V2.sol,Unsafe,storage,insert_state_variable,insert_state_variable,1,,total,2;3;4;5,all following roots shift,0.8.30,62,7,8,6,1
yieldvault_unsafe_behavior_01_change_call_recipient,YieldVault,vault,uups,dataset/originals/vault/YieldVault.sol,dataset/pairs/unsafe_behavior/yieldvault_unsafe_behavior_01_change_call_recipient/V2.sol,Unsafe,behavior,change_call_recipient,change_call_recipient,1,withdraw,,,external call target differs,0.8.30,62,7,8,6,1
yieldvault_unsafe_behavior_02_external_call_order_change,YieldVault,vault,uups,dataset/originals/vault/YieldVault.sol,dataset/pairs/unsafe_behavior/yieldvault_unsafe_behavior_02_external_call_order_change/V2.sol,Unsafe,behavior,external_call_order_change,external_call_order_change,1,withdraw,total,,external interaction precedes effects,0.8.30,62,7,8,6,1
yieldvault_unsafe_behavior_03_success_to_revert,YieldVault,vault,uups,dataset/originals/vault/YieldVault.sol,dataset/pairs/unsafe_behavior/yieldvault_unsafe_behavior_03_success_to_revert/V2.sol,Unsafe,behavior,success_to_revert,success_to_revert,1,addYield,,,all formerly valid calls revert,0.8.30,62,7,8,6,1
yieldvault_unsafe_mixed_01_inline_assembly_legacy_slot_write+remove_access_modifier,YieldVault,vault,uups,dataset/originals/vault/YieldVault.sol,dataset/pairs/unsafe_mixed/yieldvault_unsafe_mixed_01_inline_assembly_legacy_slot_write+remove_access_modifier/V2.sol,Unsafe,mixed,inline_assembly_legacy_slot_write+remove_access_modifier,inline_assembly_legacy_slot_write;remove_access_modifier,2,withdraw,owner,,direct write to compiler-managed slot; unauthorized caller becomes accepted,0.8.30,62,7,8,6,1
yieldvault_unsafe_mixed_02_move_mapping_root+return_value_change,YieldVault,vault,uups,dataset/originals/vault/YieldVault.sol,dataset/pairs/unsafe_mixed/yieldvault_unsafe_mixed_02_move_mapping_root+return_value_change/V2.sol,Unsafe,mixed,move_mapping_root+return_value_change,move_mapping_root;return_value_change,2,addYield,mapping,3;4,mapping root slot moves; return data differs,0.8.30,62,7,8,6,1
stakepool_safe_01_rename_internal_state_variable,StakePool,staking,transparent,dataset/originals/staking/StakePool.sol,dataset/pairs/safe/stakepool_safe_01_rename_internal_state_variable/V2.sol,Safe,safe,rename_internal_state_variable,rename_internal_state_variable,1,,inheritedEpoch,0,internal identifier changes at the same physical location,0.8.30,66,8,8,6,1
stakepool_safe_02_rename_local_variable,StakePool,staking,transparent,dataset/originals/staking/StakePool.sol,dataset/pairs/safe/stakepool_safe_02_rename_local_variable/V2.sol,Safe,safe,rename_local_variable,rename_local_variable,1,stakeUnits,,,alpha-renaming,0.8.30,66,8,8,6,1
stakepool_safe_03_equivalent_expression_refactor,StakePool,staking,transparent,dataset/originals/staking/StakePool.sol,dataset/pairs/safe/stakepool_safe_03_equivalent_expression_refactor/V2.sol,Safe,safe,equivalent_expression_refactor,equivalent_expression_refactor,1,stakeUnits,total,,algebraically identical checked addition,0.8.30,66,8,8,6,1
stakepool_unsafe_storage_01_change_storage_type,StakePool,staking,transparent,dataset/originals/staking/StakePool.sol,dataset/pairs/unsafe_storage/stakepool_unsafe_storage_01_change_storage_type/V2.sol,Unsafe,storage,change_storage_type,change_storage_type,1,,inheritedEpoch,0,semantic type changes at equal width,0.8.30,66,8,8,6,1
stakepool_unsafe_storage_02_change_packed_width,StakePool,staking,transparent,dataset/originals/staking/StakePool.sol,dataset/pairs/unsafe_storage/stakepool_unsafe_storage_02_change_packed_width/V2.sol,Unsafe,storage,change_packed_width,change_packed_width,1,,"inheritedEpoch,guardian",0;1;2;3;4;5,inherited packed offset changes,0.8.30,66,8,8,6,1
stakepool_unsafe_storage_03_change_inheritance_order,StakePool,staking,transparent,dataset/originals/staking/StakePool.sol,dataset/pairs/unsafe_storage/stakepool_unsafe_storage_03_change_inheritance_order/V2.sol,Unsafe,storage,change_inheritance_order,change_inheritance_order,1,,"inheritedEpoch,guardian",0,base linearization changes,0.8.30,66,8,8,6,1
stakepool_unsafe_behavior_01_conditional_state_update,StakePool,staking,transparent,dataset/originals/staking/StakePool.sol,dataset/pairs/unsafe_behavior/stakepool_unsafe_behavior_01_conditional_state_update/V2.sol,Unsafe,behavior,conditional_state_update,conditional_state_update,1,stakeUnits,total,,post-state differs on odd inputs,0.8.30,66,8,8,6,1
stakepool_unsafe_behavior_02_conditional_event,StakePool,staking,transparent,dataset/originals/staking/StakePool.sol,dataset/pairs/unsafe_behavior/stakepool_unsafe_behavior_02_conditional_event/V2.sol,Unsafe,behavior,conditional_event,conditional_event,1,stakeUnits,,,event trace differs on odd inputs,0.8.30,66,8,8,6,1
stakepool_unsafe_behavior_03_revert_data_change,StakePool,staking,transparent,dataset/originals/staking/StakePool.sol,dataset/pairs/unsafe_behavior/stakepool_unsafe_behavior_03_revert_data_change/V2.sol,Unsafe,behavior,revert_data_change,revert_data_change,1,stakeUnits,,,revert bytes differ while the revert condition is unchanged,0.8.30,66,8,8,6,1
stakepool_unsafe_mixed_01_commute_independent_writes+conditional_event,StakePool,staking,transparent,dataset/originals/staking/StakePool.sol,dataset/pairs/unsafe_mixed/stakepool_unsafe_mixed_01_commute_independent_writes+conditional_event/V2.sol,Unsafe,mixed,commute_independent_writes+conditional_event,commute_independent_writes;conditional_event,2,stakeUnits,total,,independent storage writes commute before any interaction; event trace differs on odd inputs,0.8.30,66,8,8,6,1
stakepool_unsafe_mixed_02_namespace_collision+change_call_recipient,StakePool,staking,transparent,dataset/originals/staking/StakePool.sol,dataset/pairs/unsafe_mixed/stakepool_unsafe_mixed_02_namespace_collision+change_call_recipient/V2.sol,Unsafe,mixed,namespace_collision+change_call_recipient,namespace_collision;change_call_recipient,2,withdraw,"inheritedEpoch,guardian",,unstructured namespace collides with slot zero; external call target differs,0.8.30,66,8,8,6,1
delegatedstake_safe_01_equivalent_expression_refactor,DelegatedStake,staking,uups,dataset/originals/staking/DelegatedStake.sol,dataset/pairs/safe/delegatedstake_safe_01_equivalent_expression_refactor/V2.sol,Safe,safe,equivalent_expression_refactor,equivalent_expression_refactor,1,delegateUnits,total,,algebraically identical checked addition,0.8.30,62,7,8,6,1
delegatedstake_safe_02_extract_internal_function,DelegatedStake,staking,uups,dataset/originals/staking/DelegatedStake.sol,dataset/pairs/safe/delegatedstake_safe_02_extract_internal_function/V2.sol,Safe,safe,extract_internal_function,extract_internal_function,1,delegateUnits,total,,semantics-preserving extraction,0.8.30,62,7,8,6,1
delegatedstake_safe_03_commute_independent_writes,DelegatedStake,staking,uups,dataset/originals/staking/DelegatedStake.sol,dataset/pairs/safe/delegatedstake_safe_03_commute_independent_writes/V2.sol,Safe,safe,commute_independent_writes,commute_independent_writes,1,delegateUnits,total,,independent storage writes commute before any interaction,0.8.30,62,7,8,6,1
delegatedstake_unsafe_storage_01_move_mapping_root,DelegatedStake,staking,uups,dataset/originals/staking/DelegatedStake.sol,dataset/pairs/unsafe_storage/delegatedstake_unsafe_storage_01_move_mapping_root/V2.sol,Unsafe,storage,move_mapping_root,move_mapping_root,1,,mapping,3;4,mapping root slot moves,0.8.30,62,7,8,6,1
delegatedstake_unsafe_storage_02_expand_storage_gap,DelegatedStake,staking,uups,dataset/originals/staking/DelegatedStake.sol,dataset/pairs/unsafe_storage/delegatedstake_unsafe_storage_02_expand_storage_gap/V2.sol,Unsafe,storage,expand_storage_gap,expand_storage_gap,1,,__gap,5,reserved range expands over future slot,0.8.30,62,7,8,6,1
delegatedstake_unsafe_storage_03_inline_assembly_legacy_slot_write,DelegatedStake,staking,uups,dataset/originals/staking/DelegatedStake.sol,dataset/pairs/unsafe_storage/delegatedstake_unsafe_storage_03_inline_assembly_legacy_slot_write/V2.sol,Unsafe,storage,inline_assembly_legacy_slot_write,inline_assembly_legacy_slot_write,1,overwriteLegacySlot,owner,,direct write to compiler-managed slot,0.8.30,62,7,8,6,1
delegatedstake_unsafe_behavior_01_unsupported_hash_return,DelegatedStake,staking,uups,dataset/originals/staking/DelegatedStake.sol,dataset/pairs/unsafe_behavior/delegatedstake_unsafe_behavior_01_unsupported_hash_return/V2.sol,Unsafe,behavior,unsupported_hash_return,unsupported_hash_return,1,delegateUnits,,,return depends on a hash outside the arithmetic frontend,0.8.30,62,7,8,6,1
delegatedstake_unsafe_behavior_02_arithmetic_operator_change,DelegatedStake,staking,uups,dataset/originals/staking/DelegatedStake.sol,dataset/pairs/unsafe_behavior/delegatedstake_unsafe_behavior_02_arithmetic_operator_change/V2.sol,Unsafe,behavior,arithmetic_operator_change,arithmetic_operator_change,1,delegateUnits,total,,post-state and return differ,0.8.30,62,7,8,6,1
delegatedstake_unsafe_behavior_03_comparison_operator_change,DelegatedStake,staking,uups,dataset/originals/staking/DelegatedStake.sol,dataset/pairs/unsafe_behavior/delegatedstake_unsafe_behavior_03_comparison_operator_change/V2.sol,Unsafe,behavior,comparison_operator_change,comparison_operator_change,1,delegateUnits,,,status differs at amount = limit,0.8.30,62,7,8,6,1
delegatedstake_unsafe_mixed_01_reorder_state_variables+remove_require,DelegatedStake,staking,uups,dataset/originals/staking/DelegatedStake.sol,dataset/pairs/unsafe_mixed/delegatedstake_unsafe_mixed_01_reorder_state_variables+remove_require/V2.sol,Unsafe,mixed,reorder_state_variables+remove_require,reorder_state_variables;remove_require,2,delegateUnits,"owner,total",1;2,slot/type interpretation changes; inactive call becomes successful,0.8.30,62,7,8,6,1
delegatedstake_unsafe_mixed_02_change_packed_width+omit_event,DelegatedStake,staking,uups,dataset/originals/staking/DelegatedStake.sol,dataset/pairs/unsafe_mixed/delegatedstake_unsafe_mixed_02_change_packed_width+omit_event/V2.sol,Unsafe,mixed,change_packed_width+omit_event,change_packed_width;omit_event,2,delegateUnits,"inheritedEpoch,guardian",0;1;2;3;4;5,inherited packed offset changes; event trace differs,0.8.30,62,7,8,6,1
ballotbox_safe_01_append_state_variable,BallotBox,voting,transparent,dataset/originals/voting/BallotBox.sol,dataset/pairs/safe/ballotbox_safe_01_append_state_variable/V2.sol,Safe,safe,append_state_variable,append_state_variable,1,,releaseTag,,new terminal slot,0.8.30,66,8,8,6,1
ballotbox_safe_02_add_function,BallotBox,voting,transparent,dataset/originals/voting/BallotBox.sol,dataset/pairs/safe/ballotbox_safe_02_add_function/V2.sol,Safe,safe,add_function,add_function,1,implementationVersion,,,new selector only,0.8.30,66,8,8,6,1
ballotbox_safe_03_add_event,BallotBox,voting,transparent,dataset/originals/voting/BallotBox.sol,dataset/pairs/safe/ballotbox_safe_03_add_event/V2.sol,Safe,safe,add_event,add_event,1,,,,new event declaration only,0.8.30,66,8,8,6,1
ballotbox_unsafe_storage_01_namespace_collision,BallotBox,voting,transparent,dataset/originals/voting/BallotBox.sol,dataset/pairs/unsafe_storage/ballotbox_unsafe_storage_01_namespace_collision/V2.sol,Unsafe,storage,namespace_collision,namespace_collision,1,writeNamespace,"inheritedEpoch,guardian",,unstructured namespace collides with slot zero,0.8.30,66,8,8,6,1
ballotbox_unsafe_storage_02_computed_assembly_slot_write,BallotBox,voting,transparent,dataset/originals/voting/BallotBox.sol,dataset/pairs/unsafe_storage/ballotbox_unsafe_storage_02_computed_assembly_slot_write/V2.sol,Unsafe,storage,computed_assembly_slot_write,computed_assembly_slot_write,1,overwriteComputedSlot,total,,computed assembly target resolves to legacy slot two,0.8.30,66,8,8,6,1
ballotbox_unsafe_storage_03_reorder_state_variables,BallotBox,voting,transparent,dataset/originals/voting/BallotBox.sol,dataset/pairs/unsafe_storage/ballotbox_unsafe_storage_03_reorder_state_variables/V2.sol,Unsafe,storage,reorder_state_variables,reorder_state_variables,1,,"owner,total",1;2,slot/type interpretation changes,0.8.30,66,8,8,6,1
ballotbox_unsafe_behavior_01_omit_state_update,BallotBox,voting,transparent,dataset/originals/voting/BallotBox.sol,dataset/pairs/unsafe_behavior/ballotbox_unsafe_behavior_01_omit_state_update/V2.sol,Unsafe,behavior,omit_state_update,omit_state_update,1,castWeight,total,,total is not updated,0.8.30,66,8,8,6,1
ballotbox_unsafe_behavior_02_wrong_state_variable,BallotBox,voting,transparent,dataset/originals/voting/BallotBox.sol,dataset/pairs/unsafe_behavior/ballotbox_unsafe_behavior_02_wrong_state_variable/V2.sol,Unsafe,behavior,wrong_state_variable,wrong_state_variable,1,castWeight,"total,limit",,wrong state cell is updated,0.8.30,66,8,8,6,1
ballotbox_unsafe_behavior_03_return_value_change,BallotBox,voting,transparent,dataset/originals/voting/BallotBox.sol,dataset/pairs/unsafe_behavior/ballotbox_unsafe_behavior_03_return_value_change/V2.sol,Unsafe,behavior,return_value_change,return_value_change,1,castWeight,,,return data differs,0.8.30,66,8,8,6,1
ballotbox_unsafe_mixed_01_rename_local_variable+comparison_operator_change,BallotBox,voting,transparent,dataset/originals/voting/BallotBox.sol,dataset/pairs/unsafe_mixed/ballotbox_unsafe_mixed_01_rename_local_variable+comparison_operator_change/V2.sol,Unsafe,mixed,rename_local_variable+comparison_operator_change,rename_local_variable;comparison_operator_change,2,castWeight,,,alpha-renaming; status differs at amount = limit,0.8.30,66,8,8,6,1
ballotbox_unsafe_mixed_02_equivalent_expression_refactor+remove_require,BallotBox,voting,transparent,dataset/originals/voting/BallotBox.sol,dataset/pairs/unsafe_mixed/ballotbox_unsafe_mixed_02_equivalent_expression_refactor+remove_require/V2.sol,Unsafe,mixed,equivalent_expression_refactor+remove_require,equivalent_expression_refactor;remove_require,2,castWeight,total,,algebraically identical checked addition; inactive call becomes successful,0.8.30,66,8,8,6,1
governancevote_safe_01_add_function,GovernanceVote,voting,uups,dataset/originals/voting/GovernanceVote.sol,dataset/pairs/safe/governancevote_safe_01_add_function/V2.sol,Safe,safe,add_function,add_function,1,implementationVersion,,,new selector only,0.8.30,62,7,8,6,1
governancevote_safe_02_add_event,GovernanceVote,voting,uups,dataset/originals/voting/GovernanceVote.sol,dataset/pairs/safe/governancevote_safe_02_add_event/V2.sol,Safe,safe,add_event,add_event,1,,,,new event declaration only,0.8.30,62,7,8,6,1
governancevote_safe_03_rename_internal_state_variable,GovernanceVote,voting,uups,dataset/originals/voting/GovernanceVote.sol,dataset/pairs/safe/governancevote_safe_03_rename_internal_state_variable/V2.sol,Safe,safe,rename_internal_state_variable,rename_internal_state_variable,1,,inheritedEpoch,0,internal identifier changes at the same physical location,0.8.30,62,7,8,6,1
governancevote_unsafe_storage_01_insert_state_variable,GovernanceVote,voting,uups,dataset/originals/voting/GovernanceVote.sol,dataset/pairs/unsafe_storage/governancevote_unsafe_storage_01_insert_state_variable/V2.sol,Unsafe,storage,insert_state_variable,insert_state_variable,1,,total,2;3;4;5,all following roots shift,0.8.30,62,7,8,6,1
governancevote_unsafe_storage_02_change_storage_type,GovernanceVote,voting,uups,dataset/originals/voting/GovernanceVote.sol,dataset/pairs/unsafe_storage/governancevote_unsafe_storage_02_change_storage_type/V2.sol,Unsafe,storage,change_storage_type,change_storage_type,1,,inheritedEpoch,0,semantic type changes at equal width,0.8.30,62,7,8,6,1
governancevote_unsafe_storage_03_change_packed_width,GovernanceVote,voting,uups,dataset/originals/voting/GovernanceVote.sol,dataset/pairs/unsafe_storage/governancevote_unsafe_storage_03_change_packed_width/V2.sol,Unsafe,storage,change_packed_width,change_packed_width,1,,"inheritedEpoch,guardian",0;1;2;3;4;5,inherited packed offset changes,0.8.30,62,7,8,6,1
governancevote_unsafe_behavior_01_omit_event,GovernanceVote,voting,uups,dataset/originals/voting/GovernanceVote.sol,dataset/pairs/unsafe_behavior/governancevote_unsafe_behavior_01_omit_event/V2.sol,Unsafe,behavior,omit_event,omit_event,1,addVotingPower,,,event trace differs,0.8.30,62,7,8,6,1
governancevote_unsafe_behavior_02_remove_require,GovernanceVote,voting,uups,dataset/originals/voting/GovernanceVote.sol,dataset/pairs/unsafe_behavior/governancevote_unsafe_behavior_02_remove_require/V2.sol,Unsafe,behavior,remove_require,remove_require,1,addVotingPower,,,inactive call becomes successful,0.8.30,62,7,8,6,1
governancevote_unsafe_behavior_03_change_revert_condition,GovernanceVote,voting,uups,dataset/originals/voting/GovernanceVote.sol,dataset/pairs/unsafe_behavior/governancevote_unsafe_behavior_03_change_revert_condition/V2.sol,Unsafe,behavior,change_revert_condition,change_revert_condition,1,addVotingPower,,,accepted input set changes,0.8.30,62,7,8,6,1
governancevote_unsafe_mixed_01_omit_state_update+omit_event,GovernanceVote,voting,uups,dataset/originals/voting/GovernanceVote.sol,dataset/pairs/unsafe_mixed/governancevote_unsafe_mixed_01_omit_state_update+omit_event/V2.sol,Unsafe,mixed,omit_state_update+omit_event,omit_state_update;omit_event,2,addVotingPower,total,,total is not updated; event trace differs,0.8.30,62,7,8,6,1
governancevote_unsafe_mixed_02_change_inheritance_order+arithmetic_operator_change,GovernanceVote,voting,uups,dataset/originals/voting/GovernanceVote.sol,dataset/pairs/unsafe_mixed/governancevote_unsafe_mixed_02_change_inheritance_order+arithmetic_operator_change/V2.sol,Unsafe,mixed,change_inheritance_order+arithmetic_operator_change,change_inheritance_order;arithmetic_operator_change,2,addVotingPower,"inheritedEpoch,guardian,total",0,base linearization changes; post-state and return differ,0.8.30,62,7,8,6,1
assetregistry_safe_01_extract_internal_function,AssetRegistry,registry,transparent,dataset/originals/registry/AssetRegistry.sol,dataset/pairs/safe/assetregistry_safe_01_extract_internal_function/V2.sol,Safe,safe,extract_internal_function,extract_internal_function,1,registerUnits,total,,semantics-preserving extraction,0.8.30,66,8,8,6,1
assetregistry_safe_02_commute_independent_writes,AssetRegistry,registry,transparent,dataset/originals/registry/AssetRegistry.sol,dataset/pairs/safe/assetregistry_safe_02_commute_independent_writes/V2.sol,Safe,safe,commute_independent_writes,commute_independent_writes,1,registerUnits,total,,independent storage writes commute before any interaction,0.8.30,66,8,8,6,1
assetregistry_safe_03_valid_domain_guard,AssetRegistry,registry,transparent,dataset/originals/registry/AssetRegistry.sol,dataset/pairs/safe/assetregistry_safe_03_valid_domain_guard/V2.sol,Safe,safe,valid_domain_guard,valid_domain_guard,1,registerUnits,,,preserved domain declares amount > 0,0.8.30,66,8,8,6,1
assetregistry_unsafe_storage_01_change_inheritance_order,AssetRegistry,registry,transparent,dataset/originals/registry/AssetRegistry.sol,dataset/pairs/unsafe_storage/assetregistry_unsafe_storage_01_change_inheritance_order/V2.sol,Unsafe,storage,change_inheritance_order,change_inheritance_order,1,,"inheritedEpoch,guardian",0,base linearization changes,0.8.30,66,8,8,6,1
assetregistry_unsafe_storage_02_move_mapping_root,AssetRegistry,registry,transparent,dataset/originals/registry/AssetRegistry.sol,dataset/pairs/unsafe_storage/assetregistry_unsafe_storage_02_move_mapping_root/V2.sol,Unsafe,storage,move_mapping_root,move_mapping_root,1,,mapping,3;4,mapping root slot moves,0.8.30,66,8,8,6,1
assetregistry_unsafe_storage_03_move_dynamic_array_root,AssetRegistry,registry,transparent,dataset/originals/registry/AssetRegistry.sol,dataset/pairs/unsafe_storage/assetregistry_unsafe_storage_03_move_dynamic_array_root/V2.sol,Unsafe,storage,move_dynamic_array_root,move_dynamic_array_root,1,,history,3;4;5,dynamic-array root slot moves,0.8.30,66,8,8,6,1
assetregistry_unsafe_behavior_01_remove_access_modifier,AssetRegistry,registry,transparent,dataset/originals/registry/AssetRegistry.sol,dataset/pairs/unsafe_behavior/assetregistry_unsafe_behavior_01_remove_access_modifier/V2.sol,Unsafe,behavior,remove_access_modifier,remove_access_modifier,1,withdraw,,,unauthorized caller becomes accepted,0.8.30,66,8,8,6,1
assetregistry_unsafe_behavior_02_change_call_recipient,AssetRegistry,registry,transparent,dataset/originals/registry/AssetRegistry.sol,dataset/pairs/unsafe_behavior/assetregistry_unsafe_behavior_02_change_call_recipient/V2.sol,Unsafe,behavior,change_call_recipient,change_call_recipient,1,withdraw,,,external call target differs,0.8.30,66,8,8,6,1
assetregistry_unsafe_behavior_03_external_call_order_change,AssetRegistry,registry,transparent,dataset/originals/registry/AssetRegistry.sol,dataset/pairs/unsafe_behavior/assetregistry_unsafe_behavior_03_external_call_order_change/V2.sol,Unsafe,behavior,external_call_order_change,external_call_order_change,1,withdraw,total,,external interaction precedes effects,0.8.30,66,8,8,6,1
assetregistry_unsafe_mixed_01_inline_assembly_legacy_slot_write+remove_access_modifier,AssetRegistry,registry,transparent,dataset/originals/registry/AssetRegistry.sol,dataset/pairs/unsafe_mixed/assetregistry_unsafe_mixed_01_inline_assembly_legacy_slot_write+remove_access_modifier/V2.sol,Unsafe,mixed,inline_assembly_legacy_slot_write+remove_access_modifier,inline_assembly_legacy_slot_write;remove_access_modifier,2,withdraw,owner,,direct write to compiler-managed slot; unauthorized caller becomes accepted,0.8.30,66,8,8,6,1
assetregistry_unsafe_mixed_02_move_mapping_root+return_value_change,AssetRegistry,registry,transparent,dataset/originals/registry/AssetRegistry.sol,dataset/pairs/unsafe_mixed/assetregistry_unsafe_mixed_02_move_mapping_root+return_value_change/V2.sol,Unsafe,mixed,move_mapping_root+return_value_change,move_mapping_root;return_value_change,2,registerUnits,mapping,3;4,mapping root slot moves; return data differs,0.8.30,66,8,8,6,1
claimregistry_safe_01_commute_independent_writes,ClaimRegistry,registry,uups,dataset/originals/registry/ClaimRegistry.sol,dataset/pairs/safe/claimregistry_safe_01_commute_independent_writes/V2.sol,Safe,safe,commute_independent_writes,commute_independent_writes,1,recordClaim,total,,independent storage writes commute before any interaction,0.8.30,62,7,8,6,1
claimregistry_safe_02_valid_domain_guard,ClaimRegistry,registry,uups,dataset/originals/registry/ClaimRegistry.sol,dataset/pairs/safe/claimregistry_safe_02_valid_domain_guard/V2.sol,Safe,safe,valid_domain_guard,valid_domain_guard,1,recordClaim,,,preserved domain declares amount > 0,0.8.30,62,7,8,6,1
claimregistry_safe_03_consume_storage_gap,ClaimRegistry,registry,uups,dataset/originals/registry/ClaimRegistry.sol,dataset/pairs/safe/claimregistry_safe_03_consume_storage_gap/V2.sol,Safe,safe,consume_storage_gap,consume_storage_gap,1,,releaseCounter,5,one reserved gap slot consumed,0.8.30,62,7,8,6,1
claimregistry_unsafe_storage_01_inline_assembly_legacy_slot_write,ClaimRegistry,registry,uups,dataset/originals/registry/ClaimRegistry.sol,dataset/pairs/unsafe_storage/claimregistry_unsafe_storage_01_inline_assembly_legacy_slot_write/V2.sol,Unsafe,storage,inline_assembly_legacy_slot_write,inline_assembly_legacy_slot_write,1,overwriteLegacySlot,owner,,direct write to compiler-managed slot,0.8.30,62,7,8,6,1
claimregistry_unsafe_storage_02_namespace_collision,ClaimRegistry,registry,uups,dataset/originals/registry/ClaimRegistry.sol,dataset/pairs/unsafe_storage/claimregistry_unsafe_storage_02_namespace_collision/V2.sol,Unsafe,storage,namespace_collision,namespace_collision,1,writeNamespace,"inheritedEpoch,guardian",,unstructured namespace collides with slot zero,0.8.30,62,7,8,6,1
claimregistry_unsafe_storage_03_computed_assembly_slot_write,ClaimRegistry,registry,uups,dataset/originals/registry/ClaimRegistry.sol,dataset/pairs/unsafe_storage/claimregistry_unsafe_storage_03_computed_assembly_slot_write/V2.sol,Unsafe,storage,computed_assembly_slot_write,computed_assembly_slot_write,1,overwriteComputedSlot,total,,computed assembly target resolves to legacy slot two,0.8.30,62,7,8,6,1
claimregistry_unsafe_behavior_01_success_to_revert,ClaimRegistry,registry,uups,dataset/originals/registry/ClaimRegistry.sol,dataset/pairs/unsafe_behavior/claimregistry_unsafe_behavior_01_success_to_revert/V2.sol,Unsafe,behavior,success_to_revert,success_to_revert,1,recordClaim,,,all formerly valid calls revert,0.8.30,62,7,8,6,1
claimregistry_unsafe_behavior_02_conditional_state_update,ClaimRegistry,registry,uups,dataset/originals/registry/ClaimRegistry.sol,dataset/pairs/unsafe_behavior/claimregistry_unsafe_behavior_02_conditional_state_update/V2.sol,Unsafe,behavior,conditional_state_update,conditional_state_update,1,recordClaim,total,,post-state differs on odd inputs,0.8.30,62,7,8,6,1
claimregistry_unsafe_behavior_03_conditional_event,ClaimRegistry,registry,uups,dataset/originals/registry/ClaimRegistry.sol,dataset/pairs/unsafe_behavior/claimregistry_unsafe_behavior_03_conditional_event/V2.sol,Unsafe,behavior,conditional_event,conditional_event,1,recordClaim,,,event trace differs on odd inputs,0.8.30,62,7,8,6,1
claimregistry_unsafe_mixed_01_commute_independent_writes+conditional_event,ClaimRegistry,registry,uups,dataset/originals/registry/ClaimRegistry.sol,dataset/pairs/unsafe_mixed/claimregistry_unsafe_mixed_01_commute_independent_writes+conditional_event/V2.sol,Unsafe,mixed,commute_independent_writes+conditional_event,commute_independent_writes;conditional_event,2,recordClaim,total,,independent storage writes commute before any interaction; event trace differs on odd inputs,0.8.30,62,7,8,6,1
claimregistry_unsafe_mixed_02_namespace_collision+change_call_recipient,ClaimRegistry,registry,uups,dataset/originals/registry/ClaimRegistry.sol,dataset/pairs/unsafe_mixed/claimregistry_unsafe_mixed_02_namespace_collision+change_call_recipient/V2.sol,Unsafe,mixed,namespace_collision+change_call_recipient,namespace_collision;change_call_recipient,2,withdraw,"inheritedEpoch,guardian",,unstructured namespace collides with slot zero; external call target differs,0.8.30,62,7,8,6,1
rolemanager_safe_01_rename_internal_state_variable,RoleManager,access_control,transparent,dataset/originals/access_control/RoleManager.sol,dataset/pairs/safe/rolemanager_safe_01_rename_internal_state_variable/V2.sol,Safe,safe,rename_internal_state_variable,rename_internal_state_variable,1,,inheritedEpoch,0,internal identifier changes at the same physical location,0.8.30,66,8,8,6,1
rolemanager_safe_02_rename_local_variable,RoleManager,access_control,transparent,dataset/originals/access_control/RoleManager.sol,dataset/pairs/safe/rolemanager_safe_02_rename_local_variable/V2.sol,Safe,safe,rename_local_variable,rename_local_variable,1,grantQuota,,,alpha-renaming,0.8.30,66,8,8,6,1
rolemanager_safe_03_equivalent_expression_refactor,RoleManager,access_control,transparent,dataset/originals/access_control/RoleManager.sol,dataset/pairs/safe/rolemanager_safe_03_equivalent_expression_refactor/V2.sol,Safe,safe,equivalent_expression_refactor,equivalent_expression_refactor,1,grantQuota,total,,algebraically identical checked addition,0.8.30,66,8,8,6,1
rolemanager_unsafe_storage_01_reorder_state_variables,RoleManager,access_control,transparent,dataset/originals/access_control/RoleManager.sol,dataset/pairs/unsafe_storage/rolemanager_unsafe_storage_01_reorder_state_variables/V2.sol,Unsafe,storage,reorder_state_variables,reorder_state_variables,1,,"owner,total",1;2,slot/type interpretation changes,0.8.30,66,8,8,6,1
rolemanager_unsafe_storage_02_insert_state_variable,RoleManager,access_control,transparent,dataset/originals/access_control/RoleManager.sol,dataset/pairs/unsafe_storage/rolemanager_unsafe_storage_02_insert_state_variable/V2.sol,Unsafe,storage,insert_state_variable,insert_state_variable,1,,total,2;3;4;5,all following roots shift,0.8.30,66,8,8,6,1
rolemanager_unsafe_storage_03_change_storage_type,RoleManager,access_control,transparent,dataset/originals/access_control/RoleManager.sol,dataset/pairs/unsafe_storage/rolemanager_unsafe_storage_03_change_storage_type/V2.sol,Unsafe,storage,change_storage_type,change_storage_type,1,,inheritedEpoch,0,semantic type changes at equal width,0.8.30,66,8,8,6,1
rolemanager_unsafe_behavior_01_revert_data_change,RoleManager,access_control,transparent,dataset/originals/access_control/RoleManager.sol,dataset/pairs/unsafe_behavior/rolemanager_unsafe_behavior_01_revert_data_change/V2.sol,Unsafe,behavior,revert_data_change,revert_data_change,1,grantQuota,,,revert bytes differ while the revert condition is unchanged,0.8.30,66,8,8,6,1
rolemanager_unsafe_behavior_02_unsupported_hash_return,RoleManager,access_control,transparent,dataset/originals/access_control/RoleManager.sol,dataset/pairs/unsafe_behavior/rolemanager_unsafe_behavior_02_unsupported_hash_return/V2.sol,Unsafe,behavior,unsupported_hash_return,unsupported_hash_return,1,grantQuota,,,return depends on a hash outside the arithmetic frontend,0.8.30,66,8,8,6,1
rolemanager_unsafe_behavior_03_arithmetic_operator_change,RoleManager,access_control,transparent,dataset/originals/access_control/RoleManager.sol,dataset/pairs/unsafe_behavior/rolemanager_unsafe_behavior_03_arithmetic_operator_change/V2.sol,Unsafe,behavior,arithmetic_operator_change,arithmetic_operator_change,1,grantQuota,total,,post-state and return differ,0.8.30,66,8,8,6,1
rolemanager_unsafe_mixed_01_reorder_state_variables+remove_require,RoleManager,access_control,transparent,dataset/originals/access_control/RoleManager.sol,dataset/pairs/unsafe_mixed/rolemanager_unsafe_mixed_01_reorder_state_variables+remove_require/V2.sol,Unsafe,mixed,reorder_state_variables+remove_require,reorder_state_variables;remove_require,2,grantQuota,"owner,total",1;2,slot/type interpretation changes; inactive call becomes successful,0.8.30,66,8,8,6,1
permissionbook_safe_01_rename_internal_state_variable,PermissionBook,access_control,uups,dataset/originals/access_control/PermissionBook.sol,dataset/pairs/safe/permissionbook_safe_01_rename_internal_state_variable/V2.sol,Safe,safe,rename_internal_state_variable,rename_internal_state_variable,1,,inheritedEpoch,0,internal identifier changes at the same physical location,0.8.30,62,7,8,6,1
permissionbook_safe_02_rename_local_variable,PermissionBook,access_control,uups,dataset/originals/access_control/PermissionBook.sol,dataset/pairs/safe/permissionbook_safe_02_rename_local_variable/V2.sol,Safe,safe,rename_local_variable,rename_local_variable,1,addAllowance,,,alpha-renaming,0.8.30,62,7,8,6,1
permissionbook_safe_03_equivalent_expression_refactor,PermissionBook,access_control,uups,dataset/originals/access_control/PermissionBook.sol,dataset/pairs/safe/permissionbook_safe_03_equivalent_expression_refactor/V2.sol,Safe,safe,equivalent_expression_refactor,equivalent_expression_refactor,1,addAllowance,total,,algebraically identical checked addition,0.8.30,62,7,8,6,1
permissionbook_unsafe_storage_01_change_packed_width,PermissionBook,access_control,uups,dataset/originals/access_control/PermissionBook.sol,dataset/pairs/unsafe_storage/permissionbook_unsafe_storage_01_change_packed_width/V2.sol,Unsafe,storage,change_packed_width,change_packed_width,1,,"inheritedEpoch,guardian",0;1;2;3;4;5,inherited packed offset changes,0.8.30,62,7,8,6,1
permissionbook_unsafe_storage_02_change_inheritance_order,PermissionBook,access_control,uups,dataset/originals/access_control/PermissionBook.sol,dataset/pairs/unsafe_storage/permissionbook_unsafe_storage_02_change_inheritance_order/V2.sol,Unsafe,storage,change_inheritance_order,change_inheritance_order,1,,"inheritedEpoch,guardian",0,base linearization changes,0.8.30,62,7,8,6,1
permissionbook_unsafe_storage_03_move_mapping_root,PermissionBook,access_control,uups,dataset/originals/access_control/PermissionBook.sol,dataset/pairs/unsafe_storage/permissionbook_unsafe_storage_03_move_mapping_root/V2.sol,Unsafe,storage,move_mapping_root,move_mapping_root,1,,mapping,3;4,mapping root slot moves,0.8.30,62,7,8,6,1
permissionbook_unsafe_behavior_01_comparison_operator_change,PermissionBook,access_control,uups,dataset/originals/access_control/PermissionBook.sol,dataset/pairs/unsafe_behavior/permissionbook_unsafe_behavior_01_comparison_operator_change/V2.sol,Unsafe,behavior,comparison_operator_change,comparison_operator_change,1,addAllowance,,,status differs at amount = limit,0.8.30,62,7,8,6,1
permissionbook_unsafe_behavior_02_omit_state_update,PermissionBook,access_control,uups,dataset/originals/access_control/PermissionBook.sol,dataset/pairs/unsafe_behavior/permissionbook_unsafe_behavior_02_omit_state_update/V2.sol,Unsafe,behavior,omit_state_update,omit_state_update,1,addAllowance,total,,total is not updated,0.8.30,62,7,8,6,1
permissionbook_unsafe_behavior_03_wrong_state_variable,PermissionBook,access_control,uups,dataset/originals/access_control/PermissionBook.sol,dataset/pairs/unsafe_behavior/permissionbook_unsafe_behavior_03_wrong_state_variable/V2.sol,Unsafe,behavior,wrong_state_variable,wrong_state_variable,1,addAllowance,"total,limit",,wrong state cell is updated,0.8.30,62,7,8,6,1
permissionbook_unsafe_mixed_01_rename_local_variable+comparison_operator_change,PermissionBook,access_control,uups,dataset/originals/access_control/PermissionBook.sol,dataset/pairs/unsafe_mixed/permissionbook_unsafe_mixed_01_rename_local_variable+comparison_operator_change/V2.sol,Unsafe,mixed,rename_local_variable+comparison_operator_change,rename_local_variable;comparison_operator_change,2,addAllowance,,,alpha-renaming; status differs at amount = limit,0.8.30,62,7,8,6,1
escrowdesk_safe_01_append_state_variable,EscrowDesk,escrow,transparent,dataset/originals/escrow/EscrowDesk.sol,dataset/pairs/safe/escrowdesk_safe_01_append_state_variable/V2.sol,Safe,safe,append_state_variable,append_state_variable,1,,releaseTag,,new terminal slot,0.8.30,66,8,8,6,1
escrowdesk_safe_02_add_function,EscrowDesk,escrow,transparent,dataset/originals/escrow/EscrowDesk.sol,dataset/pairs/safe/escrowdesk_safe_02_add_function/V2.sol,Safe,safe,add_function,add_function,1,implementationVersion,,,new selector only,0.8.30,66,8,8,6,1
escrowdesk_safe_03_add_event,EscrowDesk,escrow,transparent,dataset/originals/escrow/EscrowDesk.sol,dataset/pairs/safe/escrowdesk_safe_03_add_event/V2.sol,Safe,safe,add_event,add_event,1,,,,new event declaration only,0.8.30,66,8,8,6,1
escrowdesk_unsafe_storage_01_move_dynamic_array_root,EscrowDesk,escrow,transparent,dataset/originals/escrow/EscrowDesk.sol,dataset/pairs/unsafe_storage/escrowdesk_unsafe_storage_01_move_dynamic_array_root/V2.sol,Unsafe,storage,move_dynamic_array_root,move_dynamic_array_root,1,,history,3;4;5,dynamic-array root slot moves,0.8.30,66,8,8,6,1
escrowdesk_unsafe_storage_02_inline_assembly_legacy_slot_write,EscrowDesk,escrow,transparent,dataset/originals/escrow/EscrowDesk.sol,dataset/pairs/unsafe_storage/escrowdesk_unsafe_storage_02_inline_assembly_legacy_slot_write/V2.sol,Unsafe,storage,inline_assembly_legacy_slot_write,inline_assembly_legacy_slot_write,1,overwriteLegacySlot,owner,,direct write to compiler-managed slot,0.8.30,66,8,8,6,1
escrowdesk_unsafe_storage_03_namespace_collision,EscrowDesk,escrow,transparent,dataset/originals/escrow/EscrowDesk.sol,dataset/pairs/unsafe_storage/escrowdesk_unsafe_storage_03_namespace_collision/V2.sol,Unsafe,storage,namespace_collision,namespace_collision,1,writeNamespace,"inheritedEpoch,guardian",,unstructured namespace collides with slot zero,0.8.30,66,8,8,6,1
escrowdesk_unsafe_behavior_01_return_value_change,EscrowDesk,escrow,transparent,dataset/originals/escrow/EscrowDesk.sol,dataset/pairs/unsafe_behavior/escrowdesk_unsafe_behavior_01_return_value_change/V2.sol,Unsafe,behavior,return_value_change,return_value_change,1,fundEscrow,,,return data differs,0.8.30,66,8,8,6,1
escrowdesk_unsafe_behavior_02_omit_event,EscrowDesk,escrow,transparent,dataset/originals/escrow/EscrowDesk.sol,dataset/pairs/unsafe_behavior/escrowdesk_unsafe_behavior_02_omit_event/V2.sol,Unsafe,behavior,omit_event,omit_event,1,fundEscrow,,,event trace differs,0.8.30,66,8,8,6,1
escrowdesk_unsafe_behavior_03_remove_require,EscrowDesk,escrow,transparent,dataset/originals/escrow/EscrowDesk.sol,dataset/pairs/unsafe_behavior/escrowdesk_unsafe_behavior_03_remove_require/V2.sol,Unsafe,behavior,remove_require,remove_require,1,fundEscrow,,,inactive call becomes successful,0.8.30,66,8,8,6,1
escrowdesk_unsafe_mixed_01_omit_state_update+omit_event,EscrowDesk,escrow,transparent,dataset/originals/escrow/EscrowDesk.sol,dataset/pairs/unsafe_mixed/escrowdesk_unsafe_mixed_01_omit_state_update+omit_event/V2.sol,Unsafe,mixed,omit_state_update+omit_event,omit_state_update;omit_event,2,fundEscrow,total,,total is not updated; event trace differs,0.8.30,66,8,8,6,1
milestoneescrow_safe_01_consume_storage_gap,MilestoneEscrow,escrow,uups,dataset/originals/escrow/MilestoneEscrow.sol,dataset/pairs/safe/milestoneescrow_safe_01_consume_storage_gap/V2.sol,Safe,safe,consume_storage_gap,consume_storage_gap,1,,releaseCounter,5,one reserved gap slot consumed,0.8.30,62,7,8,6,1
milestoneescrow_safe_02_append_state_variable,MilestoneEscrow,escrow,uups,dataset/originals/escrow/MilestoneEscrow.sol,dataset/pairs/safe/milestoneescrow_safe_02_append_state_variable/V2.sol,Safe,safe,append_state_variable,append_state_variable,1,,releaseTag,,new terminal slot,0.8.30,62,7,8,6,1
milestoneescrow_safe_03_add_function,MilestoneEscrow,escrow,uups,dataset/originals/escrow/MilestoneEscrow.sol,dataset/pairs/safe/milestoneescrow_safe_03_add_function/V2.sol,Safe,safe,add_function,add_function,1,implementationVersion,,,new selector only,0.8.30,62,7,8,6,1
milestoneescrow_unsafe_storage_01_computed_assembly_slot_write,MilestoneEscrow,escrow,uups,dataset/originals/escrow/MilestoneEscrow.sol,dataset/pairs/unsafe_storage/milestoneescrow_unsafe_storage_01_computed_assembly_slot_write/V2.sol,Unsafe,storage,computed_assembly_slot_write,computed_assembly_slot_write,1,overwriteComputedSlot,total,,computed assembly target resolves to legacy slot two,0.8.30,62,7,8,6,1
milestoneescrow_unsafe_storage_02_reorder_state_variables,MilestoneEscrow,escrow,uups,dataset/originals/escrow/MilestoneEscrow.sol,dataset/pairs/unsafe_storage/milestoneescrow_unsafe_storage_02_reorder_state_variables/V2.sol,Unsafe,storage,reorder_state_variables,reorder_state_variables,1,,"owner,total",1;2,slot/type interpretation changes,0.8.30,62,7,8,6,1
milestoneescrow_unsafe_storage_03_insert_state_variable,MilestoneEscrow,escrow,uups,dataset/originals/escrow/MilestoneEscrow.sol,dataset/pairs/unsafe_storage/milestoneescrow_unsafe_storage_03_insert_state_variable/V2.sol,Unsafe,storage,insert_state_variable,insert_state_variable,1,,total,2;3;4;5,all following roots shift,0.8.30,62,7,8,6,1
milestoneescrow_unsafe_behavior_01_change_revert_condition,MilestoneEscrow,escrow,uups,dataset/originals/escrow/MilestoneEscrow.sol,dataset/pairs/unsafe_behavior/milestoneescrow_unsafe_behavior_01_change_revert_condition/V2.sol,Unsafe,behavior,change_revert_condition,change_revert_condition,1,fundMilestone,,,accepted input set changes,0.8.30,62,7,8,6,1
milestoneescrow_unsafe_behavior_02_remove_access_modifier,MilestoneEscrow,escrow,uups,dataset/originals/escrow/MilestoneEscrow.sol,dataset/pairs/unsafe_behavior/milestoneescrow_unsafe_behavior_02_remove_access_modifier/V2.sol,Unsafe,behavior,remove_access_modifier,remove_access_modifier,1,withdraw,,,unauthorized caller becomes accepted,0.8.30,62,7,8,6,1
milestoneescrow_unsafe_behavior_03_change_call_recipient,MilestoneEscrow,escrow,uups,dataset/originals/escrow/MilestoneEscrow.sol,dataset/pairs/unsafe_behavior/milestoneescrow_unsafe_behavior_03_change_call_recipient/V2.sol,Unsafe,behavior,change_call_recipient,change_call_recipient,1,withdraw,,,external call target differs,0.8.30,62,7,8,6,1
milestoneescrow_unsafe_mixed_01_inline_assembly_legacy_slot_write+remove_access_modifier,MilestoneEscrow,escrow,uups,dataset/originals/escrow/MilestoneEscrow.sol,dataset/pairs/unsafe_mixed/milestoneescrow_unsafe_mixed_01_inline_assembly_legacy_slot_write+remove_access_modifier/V2.sol,Unsafe,mixed,inline_assembly_legacy_slot_write+remove_access_modifier,inline_assembly_legacy_slot_write;remove_access_modifier,2,withdraw,owner,,direct write to compiler-managed slot; unauthorized caller becomes accepted,0.8.30,62,7,8,6,1
crowdfund_safe_01_extract_internal_function,CrowdFund,crowdfunding,transparent,dataset/originals/crowdfunding/CrowdFund.sol,dataset/pairs/safe/crowdfund_safe_01_extract_internal_function/V2.sol,Safe,safe,extract_internal_function,extract_internal_function,1,pledge,total,,semantics-preserving extraction,0.8.30,66,8,8,6,1
crowdfund_safe_02_commute_independent_writes,CrowdFund,crowdfunding,transparent,dataset/originals/crowdfunding/CrowdFund.sol,dataset/pairs/safe/crowdfund_safe_02_commute_independent_writes/V2.sol,Safe,safe,commute_independent_writes,commute_independent_writes,1,pledge,total,,independent storage writes commute before any interaction,0.8.30,66,8,8,6,1
crowdfund_safe_03_valid_domain_guard,CrowdFund,crowdfunding,transparent,dataset/originals/crowdfunding/CrowdFund.sol,dataset/pairs/safe/crowdfund_safe_03_valid_domain_guard/V2.sol,Safe,safe,valid_domain_guard,valid_domain_guard,1,pledge,,,preserved domain declares amount > 0,0.8.30,66,8,8,6,1
crowdfund_unsafe_storage_01_change_storage_type,CrowdFund,crowdfunding,transparent,dataset/originals/crowdfunding/CrowdFund.sol,dataset/pairs/unsafe_storage/crowdfund_unsafe_storage_01_change_storage_type/V2.sol,Unsafe,storage,change_storage_type,change_storage_type,1,,inheritedEpoch,0,semantic type changes at equal width,0.8.30,66,8,8,6,1
crowdfund_unsafe_storage_02_change_packed_width,CrowdFund,crowdfunding,transparent,dataset/originals/crowdfunding/CrowdFund.sol,dataset/pairs/unsafe_storage/crowdfund_unsafe_storage_02_change_packed_width/V2.sol,Unsafe,storage,change_packed_width,change_packed_width,1,,"inheritedEpoch,guardian",0;1;2;3;4;5,inherited packed offset changes,0.8.30,66,8,8,6,1
crowdfund_unsafe_storage_03_change_inheritance_order,CrowdFund,crowdfunding,transparent,dataset/originals/crowdfunding/CrowdFund.sol,dataset/pairs/unsafe_storage/crowdfund_unsafe_storage_03_change_inheritance_order/V2.sol,Unsafe,storage,change_inheritance_order,change_inheritance_order,1,,"inheritedEpoch,guardian",0,base linearization changes,0.8.30,66,8,8,6,1
crowdfund_unsafe_behavior_01_external_call_order_change,CrowdFund,crowdfunding,transparent,dataset/originals/crowdfunding/CrowdFund.sol,dataset/pairs/unsafe_behavior/crowdfund_unsafe_behavior_01_external_call_order_change/V2.sol,Unsafe,behavior,external_call_order_change,external_call_order_change,1,withdraw,total,,external interaction precedes effects,0.8.30,66,8,8,6,1
crowdfund_unsafe_behavior_02_success_to_revert,CrowdFund,crowdfunding,transparent,dataset/originals/crowdfunding/CrowdFund.sol,dataset/pairs/unsafe_behavior/crowdfund_unsafe_behavior_02_success_to_revert/V2.sol,Unsafe,behavior,success_to_revert,success_to_revert,1,pledge,,,all formerly valid calls revert,0.8.30,66,8,8,6,1
crowdfund_unsafe_behavior_03_conditional_state_update,CrowdFund,crowdfunding,transparent,dataset/originals/crowdfunding/CrowdFund.sol,dataset/pairs/unsafe_behavior/crowdfund_unsafe_behavior_03_conditional_state_update/V2.sol,Unsafe,behavior,conditional_state_update,conditional_state_update,1,pledge,total,,post-state differs on odd inputs,0.8.30,66,8,8,6,1
crowdfund_unsafe_mixed_01_commute_independent_writes+conditional_event,CrowdFund,crowdfunding,transparent,dataset/originals/crowdfunding/CrowdFund.sol,dataset/pairs/unsafe_mixed/crowdfund_unsafe_mixed_01_commute_independent_writes+conditional_event/V2.sol,Unsafe,mixed,commute_independent_writes+conditional_event,commute_independent_writes;conditional_event,2,pledge,total,,independent storage writes commute before any interaction; event trace differs on odd inputs,0.8.30,66,8,8,6,1
campaignvault_safe_01_equivalent_expression_refactor,CampaignVault,crowdfunding,uups,dataset/originals/crowdfunding/CampaignVault.sol,dataset/pairs/safe/campaignvault_safe_01_equivalent_expression_refactor/V2.sol,Safe,safe,equivalent_expression_refactor,equivalent_expression_refactor,1,backCampaign,total,,algebraically identical checked addition,0.8.30,62,7,8,6,1
campaignvault_safe_02_extract_internal_function,CampaignVault,crowdfunding,uups,dataset/originals/crowdfunding/CampaignVault.sol,dataset/pairs/safe/campaignvault_safe_02_extract_internal_function/V2.sol,Safe,safe,extract_internal_function,extract_internal_function,1,backCampaign,total,,semantics-preserving extraction,0.8.30,62,7,8,6,1
campaignvault_safe_03_commute_independent_writes,CampaignVault,crowdfunding,uups,dataset/originals/crowdfunding/CampaignVault.sol,dataset/pairs/safe/campaignvault_safe_03_commute_independent_writes/V2.sol,Safe,safe,commute_independent_writes,commute_independent_writes,1,backCampaign,total,,independent storage writes commute before any interaction,0.8.30,62,7,8,6,1
campaignvault_unsafe_storage_01_move_mapping_root,CampaignVault,crowdfunding,uups,dataset/originals/crowdfunding/CampaignVault.sol,dataset/pairs/unsafe_storage/campaignvault_unsafe_storage_01_move_mapping_root/V2.sol,Unsafe,storage,move_mapping_root,move_mapping_root,1,,mapping,3;4,mapping root slot moves,0.8.30,62,7,8,6,1
campaignvault_unsafe_storage_02_expand_storage_gap,CampaignVault,crowdfunding,uups,dataset/originals/crowdfunding/CampaignVault.sol,dataset/pairs/unsafe_storage/campaignvault_unsafe_storage_02_expand_storage_gap/V2.sol,Unsafe,storage,expand_storage_gap,expand_storage_gap,1,,__gap,5,reserved range expands over future slot,0.8.30,62,7,8,6,1
campaignvault_unsafe_storage_03_inline_assembly_legacy_slot_write,CampaignVault,crowdfunding,uups,dataset/originals/crowdfunding/CampaignVault.sol,dataset/pairs/unsafe_storage/campaignvault_unsafe_storage_03_inline_assembly_legacy_slot_write/V2.sol,Unsafe,storage,inline_assembly_legacy_slot_write,inline_assembly_legacy_slot_write,1,overwriteLegacySlot,owner,,direct write to compiler-managed slot,0.8.30,62,7,8,6,1
campaignvault_unsafe_behavior_01_conditional_event,CampaignVault,crowdfunding,uups,dataset/originals/crowdfunding/CampaignVault.sol,dataset/pairs/unsafe_behavior/campaignvault_unsafe_behavior_01_conditional_event/V2.sol,Unsafe,behavior,conditional_event,conditional_event,1,backCampaign,,,event trace differs on odd inputs,0.8.30,62,7,8,6,1
campaignvault_unsafe_behavior_02_revert_data_change,CampaignVault,crowdfunding,uups,dataset/originals/crowdfunding/CampaignVault.sol,dataset/pairs/unsafe_behavior/campaignvault_unsafe_behavior_02_revert_data_change/V2.sol,Unsafe,behavior,revert_data_change,revert_data_change,1,backCampaign,,,revert bytes differ while the revert condition is unchanged,0.8.30,62,7,8,6,1
campaignvault_unsafe_behavior_03_unsupported_hash_return,CampaignVault,crowdfunding,uups,dataset/originals/crowdfunding/CampaignVault.sol,dataset/pairs/unsafe_behavior/campaignvault_unsafe_behavior_03_unsupported_hash_return/V2.sol,Unsafe,behavior,unsupported_hash_return,unsupported_hash_return,1,backCampaign,,,return depends on a hash outside the arithmetic frontend,0.8.30,62,7,8,6,1
campaignvault_unsafe_mixed_01_reorder_state_variables+remove_require,CampaignVault,crowdfunding,uups,dataset/originals/crowdfunding/CampaignVault.sol,dataset/pairs/unsafe_mixed/campaignvault_unsafe_mixed_01_reorder_state_variables+remove_require/V2.sol,Unsafe,mixed,reorder_state_variables+remove_require,reorder_state_variables;remove_require,2,backCampaign,"owner,total",1;2,slot/type interpretation changes; inactive call becomes successful,0.8.30,62,7,8,6,1
markethub_safe_01_rename_internal_state_variable,MarketHub,marketplace,transparent,dataset/originals/marketplace/MarketHub.sol,dataset/pairs/safe/markethub_safe_01_rename_internal_state_variable/V2.sol,Safe,safe,rename_internal_state_variable,rename_internal_state_variable,1,,inheritedEpoch,0,internal identifier changes at the same physical location,0.8.30,66,8,8,6,1
markethub_safe_02_rename_local_variable,MarketHub,marketplace,transparent,dataset/originals/marketplace/MarketHub.sol,dataset/pairs/safe/markethub_safe_02_rename_local_variable/V2.sol,Safe,safe,rename_local_variable,rename_local_variable,1,placeOrder,,,alpha-renaming,0.8.30,66,8,8,6,1
markethub_safe_03_equivalent_expression_refactor,MarketHub,marketplace,transparent,dataset/originals/marketplace/MarketHub.sol,dataset/pairs/safe/markethub_safe_03_equivalent_expression_refactor/V2.sol,Safe,safe,equivalent_expression_refactor,equivalent_expression_refactor,1,placeOrder,total,,algebraically identical checked addition,0.8.30,66,8,8,6,1
markethub_unsafe_storage_01_namespace_collision,MarketHub,marketplace,transparent,dataset/originals/marketplace/MarketHub.sol,dataset/pairs/unsafe_storage/markethub_unsafe_storage_01_namespace_collision/V2.sol,Unsafe,storage,namespace_collision,namespace_collision,1,writeNamespace,"inheritedEpoch,guardian",,unstructured namespace collides with slot zero,0.8.30,66,8,8,6,1
markethub_unsafe_storage_02_computed_assembly_slot_write,MarketHub,marketplace,transparent,dataset/originals/marketplace/MarketHub.sol,dataset/pairs/unsafe_storage/markethub_unsafe_storage_02_computed_assembly_slot_write/V2.sol,Unsafe,storage,computed_assembly_slot_write,computed_assembly_slot_write,1,overwriteComputedSlot,total,,computed assembly target resolves to legacy slot two,0.8.30,66,8,8,6,1
markethub_unsafe_storage_03_reorder_state_variables,MarketHub,marketplace,transparent,dataset/originals/marketplace/MarketHub.sol,dataset/pairs/unsafe_storage/markethub_unsafe_storage_03_reorder_state_variables/V2.sol,Unsafe,storage,reorder_state_variables,reorder_state_variables,1,,"owner,total",1;2,slot/type interpretation changes,0.8.30,66,8,8,6,1
markethub_unsafe_behavior_01_arithmetic_operator_change,MarketHub,marketplace,transparent,dataset/originals/marketplace/MarketHub.sol,dataset/pairs/unsafe_behavior/markethub_unsafe_behavior_01_arithmetic_operator_change/V2.sol,Unsafe,behavior,arithmetic_operator_change,arithmetic_operator_change,1,placeOrder,total,,post-state and return differ,0.8.30,66,8,8,6,1
markethub_unsafe_behavior_02_comparison_operator_change,MarketHub,marketplace,transparent,dataset/originals/marketplace/MarketHub.sol,dataset/pairs/unsafe_behavior/markethub_unsafe_behavior_02_comparison_operator_change/V2.sol,Unsafe,behavior,comparison_operator_change,comparison_operator_change,1,placeOrder,,,status differs at amount = limit,0.8.30,66,8,8,6,1
markethub_unsafe_behavior_03_omit_state_update,MarketHub,marketplace,transparent,dataset/originals/marketplace/MarketHub.sol,dataset/pairs/unsafe_behavior/markethub_unsafe_behavior_03_omit_state_update/V2.sol,Unsafe,behavior,omit_state_update,omit_state_update,1,placeOrder,total,,total is not updated,0.8.30,66,8,8,6,1
markethub_unsafe_mixed_01_rename_local_variable+comparison_operator_change,MarketHub,marketplace,transparent,dataset/originals/marketplace/MarketHub.sol,dataset/pairs/unsafe_mixed/markethub_unsafe_mixed_01_rename_local_variable+comparison_operator_change/V2.sol,Unsafe,mixed,rename_local_variable+comparison_operator_change,rename_local_variable;comparison_operator_change,2,placeOrder,,,alpha-renaming; status differs at amount = limit,0.8.30,66,8,8,6,1
listingmarket_safe_01_add_function,ListingMarket,marketplace,uups,dataset/originals/marketplace/ListingMarket.sol,dataset/pairs/safe/listingmarket_safe_01_add_function/V2.sol,Safe,safe,add_function,add_function,1,implementationVersion,,,new selector only,0.8.30,62,7,8,6,1
listingmarket_safe_02_add_event,ListingMarket,marketplace,uups,dataset/originals/marketplace/ListingMarket.sol,dataset/pairs/safe/listingmarket_safe_02_add_event/V2.sol,Safe,safe,add_event,add_event,1,,,,new event declaration only,0.8.30,62,7,8,6,1
listingmarket_safe_03_rename_internal_state_variable,ListingMarket,marketplace,uups,dataset/originals/marketplace/ListingMarket.sol,dataset/pairs/safe/listingmarket_safe_03_rename_internal_state_variable/V2.sol,Safe,safe,rename_internal_state_variable,rename_internal_state_variable,1,,inheritedEpoch,0,internal identifier changes at the same physical location,0.8.30,62,7,8,6,1
listingmarket_unsafe_storage_01_insert_state_variable,ListingMarket,marketplace,uups,dataset/originals/marketplace/ListingMarket.sol,dataset/pairs/unsafe_storage/listingmarket_unsafe_storage_01_insert_state_variable/V2.sol,Unsafe,storage,insert_state_variable,insert_state_variable,1,,total,2;3;4;5,all following roots shift,0.8.30,62,7,8,6,1
listingmarket_unsafe_storage_02_change_storage_type,ListingMarket,marketplace,uups,dataset/originals/marketplace/ListingMarket.sol,dataset/pairs/unsafe_storage/listingmarket_unsafe_storage_02_change_storage_type/V2.sol,Unsafe,storage,change_storage_type,change_storage_type,1,,inheritedEpoch,0,semantic type changes at equal width,0.8.30,62,7,8,6,1
listingmarket_unsafe_storage_03_change_packed_width,ListingMarket,marketplace,uups,dataset/originals/marketplace/ListingMarket.sol,dataset/pairs/unsafe_storage/listingmarket_unsafe_storage_03_change_packed_width/V2.sol,Unsafe,storage,change_packed_width,change_packed_width,1,,"inheritedEpoch,guardian",0;1;2;3;4;5,inherited packed offset changes,0.8.30,62,7,8,6,1
listingmarket_unsafe_behavior_01_wrong_state_variable,ListingMarket,marketplace,uups,dataset/originals/marketplace/ListingMarket.sol,dataset/pairs/unsafe_behavior/listingmarket_unsafe_behavior_01_wrong_state_variable/V2.sol,Unsafe,behavior,wrong_state_variable,wrong_state_variable,1,buyListing,"total,limit",,wrong state cell is updated,0.8.30,62,7,8,6,1
listingmarket_unsafe_behavior_02_return_value_change,ListingMarket,marketplace,uups,dataset/originals/marketplace/ListingMarket.sol,dataset/pairs/unsafe_behavior/listingmarket_unsafe_behavior_02_return_value_change/V2.sol,Unsafe,behavior,return_value_change,return_value_change,1,buyListing,,,return data differs,0.8.30,62,7,8,6,1
listingmarket_unsafe_behavior_03_omit_event,ListingMarket,marketplace,uups,dataset/originals/marketplace/ListingMarket.sol,dataset/pairs/unsafe_behavior/listingmarket_unsafe_behavior_03_omit_event/V2.sol,Unsafe,behavior,omit_event,omit_event,1,buyListing,,,event trace differs,0.8.30,62,7,8,6,1
listingmarket_unsafe_mixed_01_omit_state_update+omit_event,ListingMarket,marketplace,uups,dataset/originals/marketplace/ListingMarket.sol,dataset/pairs/unsafe_mixed/listingmarket_unsafe_mixed_01_omit_state_update+omit_event/V2.sol,Unsafe,mixed,omit_state_update+omit_event,omit_state_update;omit_event,2,buyListing,total,,total is not updated; event trace differs,0.8.30,62,7,8,6,1
rewardpool_safe_01_append_state_variable,RewardPool,reward_distribution,transparent,dataset/originals/reward_distribution/RewardPool.sol,dataset/pairs/safe/rewardpool_safe_01_append_state_variable/V2.sol,Safe,safe,append_state_variable,append_state_variable,1,,releaseTag,,new terminal slot,0.8.30,66,8,8,6,1
rewardpool_safe_02_add_function,RewardPool,reward_distribution,transparent,dataset/originals/reward_distribution/RewardPool.sol,dataset/pairs/safe/rewardpool_safe_02_add_function/V2.sol,Safe,safe,add_function,add_function,1,implementationVersion,,,new selector only,0.8.30,66,8,8,6,1
rewardpool_safe_03_add_event,RewardPool,reward_distribution,transparent,dataset/originals/reward_distribution/RewardPool.sol,dataset/pairs/safe/rewardpool_safe_03_add_event/V2.sol,Safe,safe,add_event,add_event,1,,,,new event declaration only,0.8.30,66,8,8,6,1
rewardpool_unsafe_storage_01_change_inheritance_order,RewardPool,reward_distribution,transparent,dataset/originals/reward_distribution/RewardPool.sol,dataset/pairs/unsafe_storage/rewardpool_unsafe_storage_01_change_inheritance_order/V2.sol,Unsafe,storage,change_inheritance_order,change_inheritance_order,1,,"inheritedEpoch,guardian",0,base linearization changes,0.8.30,66,8,8,6,1
rewardpool_unsafe_storage_02_move_mapping_root,RewardPool,reward_distribution,transparent,dataset/originals/reward_distribution/RewardPool.sol,dataset/pairs/unsafe_storage/rewardpool_unsafe_storage_02_move_mapping_root/V2.sol,Unsafe,storage,move_mapping_root,move_mapping_root,1,,mapping,3;4,mapping root slot moves,0.8.30,66,8,8,6,1
rewardpool_unsafe_storage_03_move_dynamic_array_root,RewardPool,reward_distribution,transparent,dataset/originals/reward_distribution/RewardPool.sol,dataset/pairs/unsafe_storage/rewardpool_unsafe_storage_03_move_dynamic_array_root/V2.sol,Unsafe,storage,move_dynamic_array_root,move_dynamic_array_root,1,,history,3;4;5,dynamic-array root slot moves,0.8.30,66,8,8,6,1
rewardpool_unsafe_behavior_01_remove_require,RewardPool,reward_distribution,transparent,dataset/originals/reward_distribution/RewardPool.sol,dataset/pairs/unsafe_behavior/rewardpool_unsafe_behavior_01_remove_require/V2.sol,Unsafe,behavior,remove_require,remove_require,1,addReward,,,inactive call becomes successful,0.8.30,66,8,8,6,1
rewardpool_unsafe_behavior_02_change_revert_condition,RewardPool,reward_distribution,transparent,dataset/originals/reward_distribution/RewardPool.sol,dataset/pairs/unsafe_behavior/rewardpool_unsafe_behavior_02_change_revert_condition/V2.sol,Unsafe,behavior,change_revert_condition,change_revert_condition,1,addReward,,,accepted input set changes,0.8.30,66,8,8,6,1
rewardpool_unsafe_behavior_03_remove_access_modifier,RewardPool,reward_distribution,transparent,dataset/originals/reward_distribution/RewardPool.sol,dataset/pairs/unsafe_behavior/rewardpool_unsafe_behavior_03_remove_access_modifier/V2.sol,Unsafe,behavior,remove_access_modifier,remove_access_modifier,1,withdraw,,,unauthorized caller becomes accepted,0.8.30,66,8,8,6,1
rewardpool_unsafe_mixed_01_inline_assembly_legacy_slot_write+remove_access_modifier,RewardPool,reward_distribution,transparent,dataset/originals/reward_distribution/RewardPool.sol,dataset/pairs/unsafe_mixed/rewardpool_unsafe_mixed_01_inline_assembly_legacy_slot_write+remove_access_modifier/V2.sol,Unsafe,mixed,inline_assembly_legacy_slot_write+remove_access_modifier,inline_assembly_legacy_slot_write;remove_access_modifier,2,withdraw,owner,,direct write to compiler-managed slot; unauthorized caller becomes accepted,0.8.30,66,8,8,6,1
incentivevault_safe_01_commute_independent_writes,IncentiveVault,reward_distribution,uups,dataset/originals/reward_distribution/IncentiveVault.sol,dataset/pairs/safe/incentivevault_safe_01_commute_independent_writes/V2.sol,Safe,safe,commute_independent_writes,commute_independent_writes,1,fundIncentive,total,,independent storage writes commute before any interaction,0.8.30,62,7,8,6,1
incentivevault_safe_02_valid_domain_guard,IncentiveVault,reward_distribution,uups,dataset/originals/reward_distribution/IncentiveVault.sol,dataset/pairs/safe/incentivevault_safe_02_valid_domain_guard/V2.sol,Safe,safe,valid_domain_guard,valid_domain_guard,1,fundIncentive,,,preserved domain declares amount > 0,0.8.30,62,7,8,6,1
incentivevault_safe_03_consume_storage_gap,IncentiveVault,reward_distribution,uups,dataset/originals/reward_distribution/IncentiveVault.sol,dataset/pairs/safe/incentivevault_safe_03_consume_storage_gap/V2.sol,Safe,safe,consume_storage_gap,consume_storage_gap,1,,releaseCounter,5,one reserved gap slot consumed,0.8.30,62,7,8,6,1
incentivevault_unsafe_storage_01_inline_assembly_legacy_slot_write,IncentiveVault,reward_distribution,uups,dataset/originals/reward_distribution/IncentiveVault.sol,dataset/pairs/unsafe_storage/incentivevault_unsafe_storage_01_inline_assembly_legacy_slot_write/V2.sol,Unsafe,storage,inline_assembly_legacy_slot_write,inline_assembly_legacy_slot_write,1,overwriteLegacySlot,owner,,direct write to compiler-managed slot,0.8.30,62,7,8,6,1
incentivevault_unsafe_storage_02_namespace_collision,IncentiveVault,reward_distribution,uups,dataset/originals/reward_distribution/IncentiveVault.sol,dataset/pairs/unsafe_storage/incentivevault_unsafe_storage_02_namespace_collision/V2.sol,Unsafe,storage,namespace_collision,namespace_collision,1,writeNamespace,"inheritedEpoch,guardian",,unstructured namespace collides with slot zero,0.8.30,62,7,8,6,1
incentivevault_unsafe_storage_03_computed_assembly_slot_write,IncentiveVault,reward_distribution,uups,dataset/originals/reward_distribution/IncentiveVault.sol,dataset/pairs/unsafe_storage/incentivevault_unsafe_storage_03_computed_assembly_slot_write/V2.sol,Unsafe,storage,computed_assembly_slot_write,computed_assembly_slot_write,1,overwriteComputedSlot,total,,computed assembly target resolves to legacy slot two,0.8.30,62,7,8,6,1
incentivevault_unsafe_behavior_01_change_call_recipient,IncentiveVault,reward_distribution,uups,dataset/originals/reward_distribution/IncentiveVault.sol,dataset/pairs/unsafe_behavior/incentivevault_unsafe_behavior_01_change_call_recipient/V2.sol,Unsafe,behavior,change_call_recipient,change_call_recipient,1,withdraw,,,external call target differs,0.8.30,62,7,8,6,1
incentivevault_unsafe_behavior_02_external_call_order_change,IncentiveVault,reward_distribution,uups,dataset/originals/reward_distribution/IncentiveVault.sol,dataset/pairs/unsafe_behavior/incentivevault_unsafe_behavior_02_external_call_order_change/V2.sol,Unsafe,behavior,external_call_order_change,external_call_order_change,1,withdraw,total,,external interaction precedes effects,0.8.30,62,7,8,6,1
incentivevault_unsafe_behavior_03_success_to_revert,IncentiveVault,reward_distribution,uups,dataset/originals/reward_distribution/IncentiveVault.sol,dataset/pairs/unsafe_behavior/incentivevault_unsafe_behavior_03_success_to_revert/V2.sol,Unsafe,behavior,success_to_revert,success_to_revert,1,fundIncentive,,,all formerly valid calls revert,0.8.30,62,7,8,6,1
incentivevault_unsafe_mixed_01_commute_independent_writes+conditional_event,IncentiveVault,reward_distribution,uups,dataset/originals/reward_distribution/IncentiveVault.sol,dataset/pairs/unsafe_mixed/incentivevault_unsafe_mixed_01_commute_independent_writes+conditional_event/V2.sol,Unsafe,mixed,commute_independent_writes+conditional_event,commute_independent_writes;conditional_event,2,fundIncentive,total,,independent storage writes commute before any interaction; event trace differs on odd inputs,0.8.30,62,7,8,6,1
