budget,seed,pair_id,expected_verdict,safety_category,mutation_operator,verdict,runtime_ms,counterexample
16,26072026,tokenledger_safe_01_append_state_variable,Safe,safe,append_state_variable,Safe,0.0,
16,26072027,tokenledger_safe_02_add_function,Safe,safe,add_function,Safe,0.0,
16,26072028,tokenledger_safe_03_add_event,Safe,safe,add_event,Safe,0.0,
16,26072029,tokenledger_unsafe_behavior_01_arithmetic_operator_change,Unsafe,behavior,arithmetic_operator_change,Unsafe,1.0516,"{""active"": true, ""amount"": 24571, ""balance"": 460366, ""call_ok"": true, ""limit"": 43000, ""owner_zero"": false, ""sender_owner"": true, ""total"": 501320}"
16,26072030,tokenledger_unsafe_behavior_02_comparison_operator_change,Unsafe,behavior,comparison_operator_change,Safe,0.2897,
16,26072031,tokenledger_unsafe_behavior_03_omit_state_update,Unsafe,behavior,omit_state_update,Unsafe,0.2149,"{""active"": true, ""amount"": 8556, ""balance"": 231519, ""call_ok"": true, ""limit"": 22385, ""owner_zero"": false, ""sender_owner"": true, ""total"": 801819}"
16,26072032,tokenrewards_safe_01_rename_internal_state_variable,Safe,safe,rename_internal_state_variable,Safe,0.0,
16,26072033,tokenrewards_safe_02_rename_local_variable,Safe,safe,rename_local_variable,Safe,0.311,
16,26072034,tokenrewards_safe_03_equivalent_expression_refactor,Safe,safe,equivalent_expression_refactor,Safe,0.2475,
16,26072035,tokenrewards_unsafe_behavior_01_wrong_state_variable,Unsafe,behavior,wrong_state_variable,Unsafe,0.1938,"{""active"": true, ""amount"": 18996, ""balance"": 905431, ""call_ok"": true, ""limit"": 32578, ""owner_zero"": false, ""sender_owner"": false, ""total"": 842089}"
16,26072036,tokenrewards_unsafe_behavior_02_return_value_change,Unsafe,behavior,return_value_change,Unsafe,0.2,"{""active"": true, ""amount"": 1156, ""balance"": 791267, ""call_ok"": true, ""limit"": 40286, ""owner_zero"": true, ""sender_owner"": true, ""total"": 863779}"
16,26072037,tokenrewards_unsafe_behavior_03_omit_event,Unsafe,behavior,omit_event,Unsafe,0.1713,"{""active"": true, ""amount"": 40404, ""balance"": 409277, ""call_ok"": true, ""limit"": 49602, ""owner_zero"": true, ""sender_owner"": true, ""total"": 883346}"
16,26072038,vaultguard_safe_01_extract_internal_function,Safe,safe,extract_internal_function,Safe,0.363,
16,26072039,vaultguard_safe_02_commute_independent_writes,Safe,safe,commute_independent_writes,Safe,0.2981,
16,26072040,vaultguard_safe_03_valid_domain_guard,Safe,safe,valid_domain_guard,Safe,0.2815,
16,26072041,vaultguard_unsafe_behavior_01_remove_require,Unsafe,behavior,remove_require,Unsafe,0.2216,"{""active"": false, ""amount"": 2062, ""balance"": 251541, ""call_ok"": true, ""limit"": 14802, ""owner_zero"": false, ""sender_owner"": false, ""total"": 653962}"
16,26072042,vaultguard_unsafe_behavior_02_change_revert_condition,Unsafe,behavior,change_revert_condition,Unsafe,0.1963,"{""active"": true, ""amount"": 56864, ""balance"": 584398, ""call_ok"": false, ""limit"": 2356, ""owner_zero"": true, ""sender_owner"": true, ""total"": 24761}"
16,26072043,vaultguard_unsafe_behavior_03_remove_access_modifier,Unsafe,behavior,remove_access_modifier,Unsafe,0.2123,"{""active"": false, ""amount"": 16991, ""balance"": 742490, ""call_ok"": true, ""limit"": 8649, ""owner_zero"": true, ""sender_owner"": false, ""total"": 797048}"
16,26072044,yieldvault_safe_01_consume_storage_gap,Safe,safe,consume_storage_gap,Safe,0.0,
16,26072045,yieldvault_safe_02_append_state_variable,Safe,safe,append_state_variable,Safe,0.0,
16,26072046,yieldvault_safe_03_add_function,Safe,safe,add_function,Safe,0.0,
16,26072047,yieldvault_unsafe_behavior_01_change_call_recipient,Unsafe,behavior,change_call_recipient,Unsafe,0.2009,"{""active"": false, ""amount"": 54902, ""balance"": 1001485, ""call_ok"": true, ""limit"": 9540, ""owner_zero"": true, ""sender_owner"": true, ""total"": 575018}"
16,26072048,yieldvault_unsafe_behavior_02_external_call_order_change,Unsafe,behavior,external_call_order_change,Unsafe,0.1936,"{""active"": false, ""amount"": 31993, ""balance"": 1048392, ""call_ok"": true, ""limit"": 16003, ""owner_zero"": false, ""sender_owner"": true, ""total"": 399240}"
16,26072049,yieldvault_unsafe_behavior_03_success_to_revert,Unsafe,behavior,success_to_revert,Unsafe,0.2103,"{""active"": true, ""amount"": 8868, ""balance"": 450291, ""call_ok"": false, ""limit"": 33220, ""owner_zero"": false, ""sender_owner"": true, ""total"": 855539}"
16,26072050,stakepool_safe_01_rename_internal_state_variable,Safe,safe,rename_internal_state_variable,Safe,0.0,
16,26072051,stakepool_safe_02_rename_local_variable,Safe,safe,rename_local_variable,Safe,0.2801,
16,26072052,stakepool_safe_03_equivalent_expression_refactor,Safe,safe,equivalent_expression_refactor,Safe,0.2844,
16,26072053,stakepool_unsafe_behavior_01_conditional_state_update,Unsafe,behavior,conditional_state_update,Safe,0.2659,
16,26072054,stakepool_unsafe_behavior_02_conditional_event,Unsafe,behavior,conditional_event,Safe,0.2823,
16,26072055,stakepool_unsafe_behavior_03_revert_data_change,Unsafe,behavior,revert_data_change,Safe,0.2705,
16,26072056,delegatedstake_safe_01_equivalent_expression_refactor,Safe,safe,equivalent_expression_refactor,Safe,0.2607,
16,26072057,delegatedstake_safe_02_extract_internal_function,Safe,safe,extract_internal_function,Safe,0.3101,
16,26072058,delegatedstake_safe_03_commute_independent_writes,Safe,safe,commute_independent_writes,Safe,0.2596,
16,26072059,delegatedstake_unsafe_behavior_01_unsupported_hash_return,Unsafe,behavior,unsupported_hash_return,Unknown,0.1752,
16,26072060,delegatedstake_unsafe_behavior_02_arithmetic_operator_change,Unsafe,behavior,arithmetic_operator_change,Unsafe,0.2146,"{""active"": true, ""amount"": 12164, ""balance"": 328715, ""call_ok"": false, ""limit"": 52074, ""owner_zero"": true, ""sender_owner"": true, ""total"": 951265}"
16,26072061,delegatedstake_unsafe_behavior_03_comparison_operator_change,Unsafe,behavior,comparison_operator_change,Safe,0.2869,
16,26072062,ballotbox_safe_01_append_state_variable,Safe,safe,append_state_variable,Safe,0.0,
16,26072063,ballotbox_safe_02_add_function,Safe,safe,add_function,Safe,0.0,
16,26072064,ballotbox_safe_03_add_event,Safe,safe,add_event,Safe,0.0,
16,26072065,ballotbox_unsafe_behavior_01_omit_state_update,Unsafe,behavior,omit_state_update,Unsafe,0.2414,"{""active"": true, ""amount"": 7257, ""balance"": 999844, ""call_ok"": false, ""limit"": 29232, ""owner_zero"": true, ""sender_owner"": false, ""total"": 733428}"
16,26072066,ballotbox_unsafe_behavior_02_wrong_state_variable,Unsafe,behavior,wrong_state_variable,Unsafe,0.212,"{""active"": true, ""amount"": 21697, ""balance"": 399193, ""call_ok"": false, ""limit"": 60317, ""owner_zero"": true, ""sender_owner"": false, ""total"": 974765}"
16,26072067,ballotbox_unsafe_behavior_03_return_value_change,Unsafe,behavior,return_value_change,Unsafe,0.2065,"{""active"": true, ""amount"": 15194, ""balance"": 925377, ""call_ok"": true, ""limit"": 41071, ""owner_zero"": true, ""sender_owner"": false, ""total"": 300317}"
16,26072068,governancevote_safe_01_add_function,Safe,safe,add_function,Safe,0.0,
16,26072069,governancevote_safe_02_add_event,Safe,safe,add_event,Safe,0.0,
16,26072070,governancevote_safe_03_rename_internal_state_variable,Safe,safe,rename_internal_state_variable,Safe,0.0,
16,26072071,governancevote_unsafe_behavior_01_omit_event,Unsafe,behavior,omit_event,Unsafe,0.2262,"{""active"": true, ""amount"": 22210, ""balance"": 274414, ""call_ok"": false, ""limit"": 29162, ""owner_zero"": false, ""sender_owner"": true, ""total"": 893824}"
16,26072072,governancevote_unsafe_behavior_02_remove_require,Unsafe,behavior,remove_require,Unsafe,0.3052,"{""active"": false, ""amount"": 28695, ""balance"": 709293, ""call_ok"": true, ""limit"": 30401, ""owner_zero"": false, ""sender_owner"": false, ""total"": 795883}"
16,26072073,governancevote_unsafe_behavior_03_change_revert_condition,Unsafe,behavior,change_revert_condition,Unsafe,0.2015,"{""active"": true, ""amount"": 2557, ""balance"": 721050, ""call_ok"": false, ""limit"": 635, ""owner_zero"": true, ""sender_owner"": false, ""total"": 30399}"
16,26072074,assetregistry_safe_01_extract_internal_function,Safe,safe,extract_internal_function,Safe,0.3116,
16,26072075,assetregistry_safe_02_commute_independent_writes,Safe,safe,commute_independent_writes,Safe,0.2914,
16,26072076,assetregistry_safe_03_valid_domain_guard,Safe,safe,valid_domain_guard,Safe,0.2907,
16,26072077,assetregistry_unsafe_behavior_01_remove_access_modifier,Unsafe,behavior,remove_access_modifier,Unsafe,0.2364,"{""active"": false, ""amount"": 46178, ""balance"": 888222, ""call_ok"": true, ""limit"": 34281, ""owner_zero"": false, ""sender_owner"": false, ""total"": 518736}"
16,26072078,assetregistry_unsafe_behavior_02_change_call_recipient,Unsafe,behavior,change_call_recipient,Unsafe,0.1981,"{""active"": false, ""amount"": 64679, ""balance"": 282455, ""call_ok"": true, ""limit"": 24175, ""owner_zero"": false, ""sender_owner"": true, ""total"": 900237}"
16,26072079,assetregistry_unsafe_behavior_03_external_call_order_change,Unsafe,behavior,external_call_order_change,Unsafe,0.1991,"{""active"": false, ""amount"": 52736, ""balance"": 940037, ""call_ok"": true, ""limit"": 47179, ""owner_zero"": true, ""sender_owner"": true, ""total"": 746514}"
16,26072080,claimregistry_safe_01_commute_independent_writes,Safe,safe,commute_independent_writes,Safe,0.2729,
16,26072081,claimregistry_safe_02_valid_domain_guard,Safe,safe,valid_domain_guard,Safe,0.261,
16,26072082,claimregistry_safe_03_consume_storage_gap,Safe,safe,consume_storage_gap,Safe,0.0,
16,26072083,claimregistry_unsafe_behavior_01_success_to_revert,Unsafe,behavior,success_to_revert,Unsafe,0.2329,"{""active"": true, ""amount"": 43047, ""balance"": 184481, ""call_ok"": false, ""limit"": 48537, ""owner_zero"": false, ""sender_owner"": false, ""total"": 457105}"
16,26072084,claimregistry_unsafe_behavior_02_conditional_state_update,Unsafe,behavior,conditional_state_update,Safe,0.2659,
16,26072085,claimregistry_unsafe_behavior_03_conditional_event,Unsafe,behavior,conditional_event,Safe,0.2746,
16,26072086,rolemanager_safe_01_rename_internal_state_variable,Safe,safe,rename_internal_state_variable,Safe,0.0,
16,26072087,rolemanager_safe_02_rename_local_variable,Safe,safe,rename_local_variable,Safe,0.297,
16,26072088,rolemanager_safe_03_equivalent_expression_refactor,Safe,safe,equivalent_expression_refactor,Safe,0.2722,
16,26072089,rolemanager_unsafe_behavior_01_revert_data_change,Unsafe,behavior,revert_data_change,Safe,0.2836,
16,26072090,rolemanager_unsafe_behavior_02_unsupported_hash_return,Unsafe,behavior,unsupported_hash_return,Unknown,0.2309,
16,26072091,rolemanager_unsafe_behavior_03_arithmetic_operator_change,Unsafe,behavior,arithmetic_operator_change,Unsafe,0.2155,"{""active"": true, ""amount"": 8004, ""balance"": 1005896, ""call_ok"": true, ""limit"": 22575, ""owner_zero"": false, ""sender_owner"": true, ""total"": 151238}"
16,26072092,permissionbook_safe_01_rename_internal_state_variable,Safe,safe,rename_internal_state_variable,Safe,0.0,
16,26072093,permissionbook_safe_02_rename_local_variable,Safe,safe,rename_local_variable,Safe,0.29,
16,26072094,permissionbook_safe_03_equivalent_expression_refactor,Safe,safe,equivalent_expression_refactor,Safe,0.2464,
16,26072095,permissionbook_unsafe_behavior_01_comparison_operator_change,Unsafe,behavior,comparison_operator_change,Safe,0.2389,
16,26072096,permissionbook_unsafe_behavior_02_omit_state_update,Unsafe,behavior,omit_state_update,Unsafe,0.1776,"{""active"": true, ""amount"": 22596, ""balance"": 548815, ""call_ok"": false, ""limit"": 28376, ""owner_zero"": false, ""sender_owner"": false, ""total"": 725794}"
16,26072097,permissionbook_unsafe_behavior_03_wrong_state_variable,Unsafe,behavior,wrong_state_variable,Unsafe,0.1914,"{""active"": true, ""amount"": 17928, ""balance"": 385203, ""call_ok"": false, ""limit"": 28050, ""owner_zero"": false, ""sender_owner"": true, ""total"": 687353}"
16,26072098,escrowdesk_safe_01_append_state_variable,Safe,safe,append_state_variable,Safe,0.0,
16,26072099,escrowdesk_safe_02_add_function,Safe,safe,add_function,Safe,0.0,
16,26072100,escrowdesk_safe_03_add_event,Safe,safe,add_event,Safe,0.0,
16,26072101,escrowdesk_unsafe_behavior_01_return_value_change,Unsafe,behavior,return_value_change,Unsafe,0.2314,"{""active"": true, ""amount"": 13966, ""balance"": 606067, ""call_ok"": false, ""limit"": 58881, ""owner_zero"": false, ""sender_owner"": true, ""total"": 377402}"
16,26072102,escrowdesk_unsafe_behavior_02_omit_event,Unsafe,behavior,omit_event,Unsafe,0.1997,"{""active"": true, ""amount"": 28784, ""balance"": 274645, ""call_ok"": false, ""limit"": 46099, ""owner_zero"": false, ""sender_owner"": true, ""total"": 924980}"
16,26072103,escrowdesk_unsafe_behavior_03_remove_require,Unsafe,behavior,remove_require,Unsafe,0.1989,"{""active"": false, ""amount"": 24304, ""balance"": 650317, ""call_ok"": false, ""limit"": 56183, ""owner_zero"": true, ""sender_owner"": false, ""total"": 263676}"
16,26072104,milestoneescrow_safe_01_consume_storage_gap,Safe,safe,consume_storage_gap,Safe,0.0,
16,26072105,milestoneescrow_safe_02_append_state_variable,Safe,safe,append_state_variable,Safe,0.0,
16,26072106,milestoneescrow_safe_03_add_function,Safe,safe,add_function,Safe,0.0,
16,26072107,milestoneescrow_unsafe_behavior_01_change_revert_condition,Unsafe,behavior,change_revert_condition,Unsafe,0.2086,"{""active"": true, ""amount"": 46237, ""balance"": 955712, ""call_ok"": false, ""limit"": 25345, ""owner_zero"": true, ""sender_owner"": false, ""total"": 525094}"
16,26072108,milestoneescrow_unsafe_behavior_02_remove_access_modifier,Unsafe,behavior,remove_access_modifier,Unsafe,0.2259,"{""active"": false, ""amount"": 39579, ""balance"": 293346, ""call_ok"": true, ""limit"": 56991, ""owner_zero"": true, ""sender_owner"": false, ""total"": 870009}"
16,26072109,milestoneescrow_unsafe_behavior_03_change_call_recipient,Unsafe,behavior,change_call_recipient,Unsafe,0.2117,"{""active"": false, ""amount"": 10000, ""balance"": 567642, ""call_ok"": true, ""limit"": 4888, ""owner_zero"": false, ""sender_owner"": true, ""total"": 262736}"
16,26072110,crowdfund_safe_01_extract_internal_function,Safe,safe,extract_internal_function,Safe,0.2637,
16,26072111,crowdfund_safe_02_commute_independent_writes,Safe,safe,commute_independent_writes,Safe,0.2765,
16,26072112,crowdfund_safe_03_valid_domain_guard,Safe,safe,valid_domain_guard,Safe,0.2995,
16,26072113,crowdfund_unsafe_behavior_01_external_call_order_change,Unsafe,behavior,external_call_order_change,Unsafe,0.2284,"{""active"": true, ""amount"": 7051, ""balance"": 536580, ""call_ok"": true, ""limit"": 14505, ""owner_zero"": true, ""sender_owner"": true, ""total"": 343275}"
16,26072114,crowdfund_unsafe_behavior_02_success_to_revert,Unsafe,behavior,success_to_revert,Unsafe,0.2398,"{""active"": true, ""amount"": 53751, ""balance"": 964378, ""call_ok"": false, ""limit"": 53992, ""owner_zero"": true, ""sender_owner"": true, ""total"": 372526}"
16,26072115,crowdfund_unsafe_behavior_03_conditional_state_update,Unsafe,behavior,conditional_state_update,Safe,0.285,
16,26072116,campaignvault_safe_01_equivalent_expression_refactor,Safe,safe,equivalent_expression_refactor,Safe,0.2404,
16,26072117,campaignvault_safe_02_extract_internal_function,Safe,safe,extract_internal_function,Safe,0.2775,
16,26072118,campaignvault_safe_03_commute_independent_writes,Safe,safe,commute_independent_writes,Safe,0.266,
16,26072119,campaignvault_unsafe_behavior_01_conditional_event,Unsafe,behavior,conditional_event,Safe,0.2604,
16,26072120,campaignvault_unsafe_behavior_02_revert_data_change,Unsafe,behavior,revert_data_change,Safe,0.2782,
16,26072121,campaignvault_unsafe_behavior_03_unsupported_hash_return,Unsafe,behavior,unsupported_hash_return,Unknown,0.1664,
16,26072122,markethub_safe_01_rename_internal_state_variable,Safe,safe,rename_internal_state_variable,Safe,0.0,
16,26072123,markethub_safe_02_rename_local_variable,Safe,safe,rename_local_variable,Safe,0.3027,
16,26072124,markethub_safe_03_equivalent_expression_refactor,Safe,safe,equivalent_expression_refactor,Safe,0.2488,
16,26072125,markethub_unsafe_behavior_01_arithmetic_operator_change,Unsafe,behavior,arithmetic_operator_change,Unsafe,0.2303,"{""active"": true, ""amount"": 18049, ""balance"": 799536, ""call_ok"": true, ""limit"": 33964, ""owner_zero"": false, ""sender_owner"": true, ""total"": 604228}"
16,26072126,markethub_unsafe_behavior_02_comparison_operator_change,Unsafe,behavior,comparison_operator_change,Safe,0.4322,
16,26072127,markethub_unsafe_behavior_03_omit_state_update,Unsafe,behavior,omit_state_update,Unsafe,0.3137,"{""active"": true, ""amount"": 9437, ""balance"": 54661, ""call_ok"": false, ""limit"": 13397, ""owner_zero"": false, ""sender_owner"": true, ""total"": 397679}"
16,26072128,listingmarket_safe_01_add_function,Safe,safe,add_function,Safe,0.0,
16,26072129,listingmarket_safe_02_add_event,Safe,safe,add_event,Safe,0.0,
16,26072130,listingmarket_safe_03_rename_internal_state_variable,Safe,safe,rename_internal_state_variable,Safe,0.0,
16,26072131,listingmarket_unsafe_behavior_01_wrong_state_variable,Unsafe,behavior,wrong_state_variable,Unsafe,0.2535,"{""active"": true, ""amount"": 3340, ""balance"": 661618, ""call_ok"": false, ""limit"": 65053, ""owner_zero"": false, ""sender_owner"": true, ""total"": 505128}"
16,26072132,listingmarket_unsafe_behavior_02_return_value_change,Unsafe,behavior,return_value_change,Unsafe,0.2149,"{""active"": true, ""amount"": 40260, ""balance"": 619556, ""call_ok"": false, ""limit"": 50351, ""owner_zero"": true, ""sender_owner"": false, ""total"": 410175}"
16,26072133,listingmarket_unsafe_behavior_03_omit_event,Unsafe,behavior,omit_event,Unsafe,0.1898,"{""active"": true, ""amount"": 31145, ""balance"": 658091, ""call_ok"": false, ""limit"": 58783, ""owner_zero"": true, ""sender_owner"": false, ""total"": 104807}"
16,26072134,rewardpool_safe_01_append_state_variable,Safe,safe,append_state_variable,Safe,0.0,
16,26072135,rewardpool_safe_02_add_function,Safe,safe,add_function,Safe,0.0,
16,26072136,rewardpool_safe_03_add_event,Safe,safe,add_event,Safe,0.0,
16,26072137,rewardpool_unsafe_behavior_01_remove_require,Unsafe,behavior,remove_require,Unsafe,0.2175,"{""active"": false, ""amount"": 2273, ""balance"": 383682, ""call_ok"": false, ""limit"": 29380, ""owner_zero"": true, ""sender_owner"": true, ""total"": 787999}"
16,26072138,rewardpool_unsafe_behavior_02_change_revert_condition,Unsafe,behavior,change_revert_condition,Unsafe,0.2032,"{""active"": true, ""amount"": 45472, ""balance"": 1001102, ""call_ok"": false, ""limit"": 34189, ""owner_zero"": false, ""sender_owner"": false, ""total"": 420702}"
16,26072139,rewardpool_unsafe_behavior_03_remove_access_modifier,Unsafe,behavior,remove_access_modifier,Unsafe,0.1875,"{""active"": true, ""amount"": 57761, ""balance"": 935826, ""call_ok"": true, ""limit"": 60017, ""owner_zero"": false, ""sender_owner"": false, ""total"": 337047}"
16,26072140,incentivevault_safe_01_commute_independent_writes,Safe,safe,commute_independent_writes,Safe,0.2836,
16,26072141,incentivevault_safe_02_valid_domain_guard,Safe,safe,valid_domain_guard,Safe,0.317,
16,26072142,incentivevault_safe_03_consume_storage_gap,Safe,safe,consume_storage_gap,Safe,0.0,
16,26072143,incentivevault_unsafe_behavior_01_change_call_recipient,Unsafe,behavior,change_call_recipient,Unsafe,0.3101,"{""active"": true, ""amount"": 10210, ""balance"": 29884, ""call_ok"": true, ""limit"": 60687, ""owner_zero"": false, ""sender_owner"": true, ""total"": 563530}"
16,26072144,incentivevault_unsafe_behavior_02_external_call_order_change,Unsafe,behavior,external_call_order_change,Unsafe,0.2066,"{""active"": false, ""amount"": 16932, ""balance"": 811991, ""call_ok"": true, ""limit"": 40433, ""owner_zero"": true, ""sender_owner"": true, ""total"": 721237}"
16,26072145,incentivevault_unsafe_behavior_03_success_to_revert,Unsafe,behavior,success_to_revert,Unsafe,0.2079,"{""active"": true, ""amount"": 9462, ""balance"": 453552, ""call_ok"": false, ""limit"": 33758, ""owner_zero"": true, ""sender_owner"": true, ""total"": 549830}"
32,26072026,tokenledger_safe_01_append_state_variable,Safe,safe,append_state_variable,Safe,0.0,
32,26072027,tokenledger_safe_02_add_function,Safe,safe,add_function,Safe,0.0,
32,26072028,tokenledger_safe_03_add_event,Safe,safe,add_event,Safe,0.0,
32,26072029,tokenledger_unsafe_behavior_01_arithmetic_operator_change,Unsafe,behavior,arithmetic_operator_change,Unsafe,0.2365,"{""active"": true, ""amount"": 24571, ""balance"": 460366, ""call_ok"": true, ""limit"": 43000, ""owner_zero"": false, ""sender_owner"": true, ""total"": 501320}"
32,26072030,tokenledger_unsafe_behavior_02_comparison_operator_change,Unsafe,behavior,comparison_operator_change,Safe,0.3488,
32,26072031,tokenledger_unsafe_behavior_03_omit_state_update,Unsafe,behavior,omit_state_update,Unsafe,0.2112,"{""active"": true, ""amount"": 8556, ""balance"": 231519, ""call_ok"": true, ""limit"": 22385, ""owner_zero"": false, ""sender_owner"": true, ""total"": 801819}"
32,26072032,tokenrewards_safe_01_rename_internal_state_variable,Safe,safe,rename_internal_state_variable,Safe,0.0,
32,26072033,tokenrewards_safe_02_rename_local_variable,Safe,safe,rename_local_variable,Safe,0.3589,
32,26072034,tokenrewards_safe_03_equivalent_expression_refactor,Safe,safe,equivalent_expression_refactor,Safe,0.3444,
32,26072035,tokenrewards_unsafe_behavior_01_wrong_state_variable,Unsafe,behavior,wrong_state_variable,Unsafe,0.192,"{""active"": true, ""amount"": 18996, ""balance"": 905431, ""call_ok"": true, ""limit"": 32578, ""owner_zero"": false, ""sender_owner"": false, ""total"": 842089}"
32,26072036,tokenrewards_unsafe_behavior_02_return_value_change,Unsafe,behavior,return_value_change,Unsafe,0.2008,"{""active"": true, ""amount"": 1156, ""balance"": 791267, ""call_ok"": true, ""limit"": 40286, ""owner_zero"": true, ""sender_owner"": true, ""total"": 863779}"
32,26072037,tokenrewards_unsafe_behavior_03_omit_event,Unsafe,behavior,omit_event,Unsafe,0.1966,"{""active"": true, ""amount"": 40404, ""balance"": 409277, ""call_ok"": true, ""limit"": 49602, ""owner_zero"": true, ""sender_owner"": true, ""total"": 883346}"
32,26072038,vaultguard_safe_01_extract_internal_function,Safe,safe,extract_internal_function,Safe,0.4089,
32,26072039,vaultguard_safe_02_commute_independent_writes,Safe,safe,commute_independent_writes,Safe,0.4007,
32,26072040,vaultguard_safe_03_valid_domain_guard,Safe,safe,valid_domain_guard,Safe,0.3834,
32,26072041,vaultguard_unsafe_behavior_01_remove_require,Unsafe,behavior,remove_require,Unsafe,0.2127,"{""active"": false, ""amount"": 2062, ""balance"": 251541, ""call_ok"": true, ""limit"": 14802, ""owner_zero"": false, ""sender_owner"": false, ""total"": 653962}"
32,26072042,vaultguard_unsafe_behavior_02_change_revert_condition,Unsafe,behavior,change_revert_condition,Unsafe,0.1929,"{""active"": true, ""amount"": 56864, ""balance"": 584398, ""call_ok"": false, ""limit"": 2356, ""owner_zero"": true, ""sender_owner"": true, ""total"": 24761}"
32,26072043,vaultguard_unsafe_behavior_03_remove_access_modifier,Unsafe,behavior,remove_access_modifier,Unsafe,0.2026,"{""active"": false, ""amount"": 16991, ""balance"": 742490, ""call_ok"": true, ""limit"": 8649, ""owner_zero"": true, ""sender_owner"": false, ""total"": 797048}"
32,26072044,yieldvault_safe_01_consume_storage_gap,Safe,safe,consume_storage_gap,Safe,0.0,
32,26072045,yieldvault_safe_02_append_state_variable,Safe,safe,append_state_variable,Safe,0.0,
32,26072046,yieldvault_safe_03_add_function,Safe,safe,add_function,Safe,0.0,
32,26072047,yieldvault_unsafe_behavior_01_change_call_recipient,Unsafe,behavior,change_call_recipient,Unsafe,0.2025,"{""active"": false, ""amount"": 54902, ""balance"": 1001485, ""call_ok"": true, ""limit"": 9540, ""owner_zero"": true, ""sender_owner"": true, ""total"": 575018}"
32,26072048,yieldvault_unsafe_behavior_02_external_call_order_change,Unsafe,behavior,external_call_order_change,Unsafe,0.1935,"{""active"": false, ""amount"": 31993, ""balance"": 1048392, ""call_ok"": true, ""limit"": 16003, ""owner_zero"": false, ""sender_owner"": true, ""total"": 399240}"
32,26072049,yieldvault_unsafe_behavior_03_success_to_revert,Unsafe,behavior,success_to_revert,Unsafe,0.207,"{""active"": true, ""amount"": 8868, ""balance"": 450291, ""call_ok"": false, ""limit"": 33220, ""owner_zero"": false, ""sender_owner"": true, ""total"": 855539}"
32,26072050,stakepool_safe_01_rename_internal_state_variable,Safe,safe,rename_internal_state_variable,Safe,0.0,
32,26072051,stakepool_safe_02_rename_local_variable,Safe,safe,rename_local_variable,Safe,0.3937,
32,26072052,stakepool_safe_03_equivalent_expression_refactor,Safe,safe,equivalent_expression_refactor,Safe,0.3983,
32,26072053,stakepool_unsafe_behavior_01_conditional_state_update,Unsafe,behavior,conditional_state_update,Safe,0.4248,
32,26072054,stakepool_unsafe_behavior_02_conditional_event,Unsafe,behavior,conditional_event,Safe,0.4856,
32,26072055,stakepool_unsafe_behavior_03_revert_data_change,Unsafe,behavior,revert_data_change,Safe,0.3531,
32,26072056,delegatedstake_safe_01_equivalent_expression_refactor,Safe,safe,equivalent_expression_refactor,Safe,0.3534,
32,26072057,delegatedstake_safe_02_extract_internal_function,Safe,safe,extract_internal_function,Safe,0.3803,
32,26072058,delegatedstake_safe_03_commute_independent_writes,Safe,safe,commute_independent_writes,Safe,0.3218,
32,26072059,delegatedstake_unsafe_behavior_01_unsupported_hash_return,Unsafe,behavior,unsupported_hash_return,Unknown,0.1715,
32,26072060,delegatedstake_unsafe_behavior_02_arithmetic_operator_change,Unsafe,behavior,arithmetic_operator_change,Unsafe,0.2012,"{""active"": true, ""amount"": 12164, ""balance"": 328715, ""call_ok"": false, ""limit"": 52074, ""owner_zero"": true, ""sender_owner"": true, ""total"": 951265}"
32,26072061,delegatedstake_unsafe_behavior_03_comparison_operator_change,Unsafe,behavior,comparison_operator_change,Safe,0.3702,
32,26072062,ballotbox_safe_01_append_state_variable,Safe,safe,append_state_variable,Safe,0.0,
32,26072063,ballotbox_safe_02_add_function,Safe,safe,add_function,Safe,0.0,
32,26072064,ballotbox_safe_03_add_event,Safe,safe,add_event,Safe,0.0,
32,26072065,ballotbox_unsafe_behavior_01_omit_state_update,Unsafe,behavior,omit_state_update,Unsafe,0.266,"{""active"": true, ""amount"": 7257, ""balance"": 999844, ""call_ok"": false, ""limit"": 29232, ""owner_zero"": true, ""sender_owner"": false, ""total"": 733428}"
32,26072066,ballotbox_unsafe_behavior_02_wrong_state_variable,Unsafe,behavior,wrong_state_variable,Unsafe,0.2294,"{""active"": true, ""amount"": 21697, ""balance"": 399193, ""call_ok"": false, ""limit"": 60317, ""owner_zero"": true, ""sender_owner"": false, ""total"": 974765}"
32,26072067,ballotbox_unsafe_behavior_03_return_value_change,Unsafe,behavior,return_value_change,Unsafe,0.2108,"{""active"": true, ""amount"": 15194, ""balance"": 925377, ""call_ok"": true, ""limit"": 41071, ""owner_zero"": true, ""sender_owner"": false, ""total"": 300317}"
32,26072068,governancevote_safe_01_add_function,Safe,safe,add_function,Safe,0.0,
32,26072069,governancevote_safe_02_add_event,Safe,safe,add_event,Safe,0.0,
32,26072070,governancevote_safe_03_rename_internal_state_variable,Safe,safe,rename_internal_state_variable,Safe,0.0,
32,26072071,governancevote_unsafe_behavior_01_omit_event,Unsafe,behavior,omit_event,Unsafe,0.2018,"{""active"": true, ""amount"": 22210, ""balance"": 274414, ""call_ok"": false, ""limit"": 29162, ""owner_zero"": false, ""sender_owner"": true, ""total"": 893824}"
32,26072072,governancevote_unsafe_behavior_02_remove_require,Unsafe,behavior,remove_require,Unsafe,0.1977,"{""active"": false, ""amount"": 28695, ""balance"": 709293, ""call_ok"": true, ""limit"": 30401, ""owner_zero"": false, ""sender_owner"": false, ""total"": 795883}"
32,26072073,governancevote_unsafe_behavior_03_change_revert_condition,Unsafe,behavior,change_revert_condition,Unsafe,0.2011,"{""active"": true, ""amount"": 2557, ""balance"": 721050, ""call_ok"": false, ""limit"": 635, ""owner_zero"": true, ""sender_owner"": false, ""total"": 30399}"
32,26072074,assetregistry_safe_01_extract_internal_function,Safe,safe,extract_internal_function,Safe,0.3796,
32,26072075,assetregistry_safe_02_commute_independent_writes,Safe,safe,commute_independent_writes,Safe,0.3488,
32,26072076,assetregistry_safe_03_valid_domain_guard,Safe,safe,valid_domain_guard,Safe,0.3544,
32,26072077,assetregistry_unsafe_behavior_01_remove_access_modifier,Unsafe,behavior,remove_access_modifier,Unsafe,0.23,"{""active"": false, ""amount"": 46178, ""balance"": 888222, ""call_ok"": true, ""limit"": 34281, ""owner_zero"": false, ""sender_owner"": false, ""total"": 518736}"
32,26072078,assetregistry_unsafe_behavior_02_change_call_recipient,Unsafe,behavior,change_call_recipient,Unsafe,0.2,"{""active"": false, ""amount"": 64679, ""balance"": 282455, ""call_ok"": true, ""limit"": 24175, ""owner_zero"": false, ""sender_owner"": true, ""total"": 900237}"
32,26072079,assetregistry_unsafe_behavior_03_external_call_order_change,Unsafe,behavior,external_call_order_change,Unsafe,0.2502,"{""active"": false, ""amount"": 52736, ""balance"": 940037, ""call_ok"": true, ""limit"": 47179, ""owner_zero"": true, ""sender_owner"": true, ""total"": 746514}"
32,26072080,claimregistry_safe_01_commute_independent_writes,Safe,safe,commute_independent_writes,Safe,0.37,
32,26072081,claimregistry_safe_02_valid_domain_guard,Safe,safe,valid_domain_guard,Safe,0.3732,
32,26072082,claimregistry_safe_03_consume_storage_gap,Safe,safe,consume_storage_gap,Safe,0.0,
32,26072083,claimregistry_unsafe_behavior_01_success_to_revert,Unsafe,behavior,success_to_revert,Unsafe,0.2246,"{""active"": true, ""amount"": 43047, ""balance"": 184481, ""call_ok"": false, ""limit"": 48537, ""owner_zero"": false, ""sender_owner"": false, ""total"": 457105}"
32,26072084,claimregistry_unsafe_behavior_02_conditional_state_update,Unsafe,behavior,conditional_state_update,Safe,0.3644,
32,26072085,claimregistry_unsafe_behavior_03_conditional_event,Unsafe,behavior,conditional_event,Safe,0.3231,
32,26072086,rolemanager_safe_01_rename_internal_state_variable,Safe,safe,rename_internal_state_variable,Safe,0.0,
32,26072087,rolemanager_safe_02_rename_local_variable,Safe,safe,rename_local_variable,Safe,0.3607,
32,26072088,rolemanager_safe_03_equivalent_expression_refactor,Safe,safe,equivalent_expression_refactor,Safe,0.3332,
32,26072089,rolemanager_unsafe_behavior_01_revert_data_change,Unsafe,behavior,revert_data_change,Safe,0.3666,
32,26072090,rolemanager_unsafe_behavior_02_unsupported_hash_return,Unsafe,behavior,unsupported_hash_return,Unknown,0.1808,
32,26072091,rolemanager_unsafe_behavior_03_arithmetic_operator_change,Unsafe,behavior,arithmetic_operator_change,Unsafe,0.2044,"{""active"": true, ""amount"": 8004, ""balance"": 1005896, ""call_ok"": true, ""limit"": 22575, ""owner_zero"": false, ""sender_owner"": true, ""total"": 151238}"
32,26072092,permissionbook_safe_01_rename_internal_state_variable,Safe,safe,rename_internal_state_variable,Safe,0.0,
32,26072093,permissionbook_safe_02_rename_local_variable,Safe,safe,rename_local_variable,Safe,0.4014,
32,26072094,permissionbook_safe_03_equivalent_expression_refactor,Safe,safe,equivalent_expression_refactor,Safe,0.3547,
32,26072095,permissionbook_unsafe_behavior_01_comparison_operator_change,Unsafe,behavior,comparison_operator_change,Safe,0.34,
32,26072096,permissionbook_unsafe_behavior_02_omit_state_update,Unsafe,behavior,omit_state_update,Unsafe,0.181,"{""active"": true, ""amount"": 22596, ""balance"": 548815, ""call_ok"": false, ""limit"": 28376, ""owner_zero"": false, ""sender_owner"": false, ""total"": 725794}"
32,26072097,permissionbook_unsafe_behavior_03_wrong_state_variable,Unsafe,behavior,wrong_state_variable,Unsafe,0.1863,"{""active"": true, ""amount"": 17928, ""balance"": 385203, ""call_ok"": false, ""limit"": 28050, ""owner_zero"": false, ""sender_owner"": true, ""total"": 687353}"
32,26072098,escrowdesk_safe_01_append_state_variable,Safe,safe,append_state_variable,Safe,0.0,
32,26072099,escrowdesk_safe_02_add_function,Safe,safe,add_function,Safe,0.0,
32,26072100,escrowdesk_safe_03_add_event,Safe,safe,add_event,Safe,0.0,
32,26072101,escrowdesk_unsafe_behavior_01_return_value_change,Unsafe,behavior,return_value_change,Unsafe,0.2015,"{""active"": true, ""amount"": 13966, ""balance"": 606067, ""call_ok"": false, ""limit"": 58881, ""owner_zero"": false, ""sender_owner"": true, ""total"": 377402}"
32,26072102,escrowdesk_unsafe_behavior_02_omit_event,Unsafe,behavior,omit_event,Unsafe,0.1934,"{""active"": true, ""amount"": 28784, ""balance"": 274645, ""call_ok"": false, ""limit"": 46099, ""owner_zero"": false, ""sender_owner"": true, ""total"": 924980}"
32,26072103,escrowdesk_unsafe_behavior_03_remove_require,Unsafe,behavior,remove_require,Unsafe,0.1873,"{""active"": false, ""amount"": 24304, ""balance"": 650317, ""call_ok"": false, ""limit"": 56183, ""owner_zero"": true, ""sender_owner"": false, ""total"": 263676}"
32,26072104,milestoneescrow_safe_01_consume_storage_gap,Safe,safe,consume_storage_gap,Safe,0.0,
32,26072105,milestoneescrow_safe_02_append_state_variable,Safe,safe,append_state_variable,Safe,0.0,
32,26072106,milestoneescrow_safe_03_add_function,Safe,safe,add_function,Safe,0.0,
32,26072107,milestoneescrow_unsafe_behavior_01_change_revert_condition,Unsafe,behavior,change_revert_condition,Unsafe,0.1917,"{""active"": true, ""amount"": 46237, ""balance"": 955712, ""call_ok"": false, ""limit"": 25345, ""owner_zero"": true, ""sender_owner"": false, ""total"": 525094}"
32,26072108,milestoneescrow_unsafe_behavior_02_remove_access_modifier,Unsafe,behavior,remove_access_modifier,Unsafe,0.2263,"{""active"": false, ""amount"": 39579, ""balance"": 293346, ""call_ok"": true, ""limit"": 56991, ""owner_zero"": true, ""sender_owner"": false, ""total"": 870009}"
32,26072109,milestoneescrow_unsafe_behavior_03_change_call_recipient,Unsafe,behavior,change_call_recipient,Unsafe,0.2428,"{""active"": false, ""amount"": 10000, ""balance"": 567642, ""call_ok"": true, ""limit"": 4888, ""owner_zero"": false, ""sender_owner"": true, ""total"": 262736}"
32,26072110,crowdfund_safe_01_extract_internal_function,Safe,safe,extract_internal_function,Safe,0.3963,
32,26072111,crowdfund_safe_02_commute_independent_writes,Safe,safe,commute_independent_writes,Safe,0.3866,
32,26072112,crowdfund_safe_03_valid_domain_guard,Safe,safe,valid_domain_guard,Safe,0.3873,
32,26072113,crowdfund_unsafe_behavior_01_external_call_order_change,Unsafe,behavior,external_call_order_change,Unsafe,0.215,"{""active"": true, ""amount"": 7051, ""balance"": 536580, ""call_ok"": true, ""limit"": 14505, ""owner_zero"": true, ""sender_owner"": true, ""total"": 343275}"
32,26072114,crowdfund_unsafe_behavior_02_success_to_revert,Unsafe,behavior,success_to_revert,Unsafe,0.2246,"{""active"": true, ""amount"": 53751, ""balance"": 964378, ""call_ok"": false, ""limit"": 53992, ""owner_zero"": true, ""sender_owner"": true, ""total"": 372526}"
32,26072115,crowdfund_unsafe_behavior_03_conditional_state_update,Unsafe,behavior,conditional_state_update,Safe,0.3663,
32,26072116,campaignvault_safe_01_equivalent_expression_refactor,Safe,safe,equivalent_expression_refactor,Safe,0.3403,
32,26072117,campaignvault_safe_02_extract_internal_function,Safe,safe,extract_internal_function,Safe,0.3304,
32,26072118,campaignvault_safe_03_commute_independent_writes,Safe,safe,commute_independent_writes,Safe,0.3748,
32,26072119,campaignvault_unsafe_behavior_01_conditional_event,Unsafe,behavior,conditional_event,Safe,0.3193,
32,26072120,campaignvault_unsafe_behavior_02_revert_data_change,Unsafe,behavior,revert_data_change,Safe,0.4009,
32,26072121,campaignvault_unsafe_behavior_03_unsupported_hash_return,Unsafe,behavior,unsupported_hash_return,Unknown,0.1961,
32,26072122,markethub_safe_01_rename_internal_state_variable,Safe,safe,rename_internal_state_variable,Safe,0.0,
32,26072123,markethub_safe_02_rename_local_variable,Safe,safe,rename_local_variable,Safe,0.4132,
32,26072124,markethub_safe_03_equivalent_expression_refactor,Safe,safe,equivalent_expression_refactor,Safe,0.3489,
32,26072125,markethub_unsafe_behavior_01_arithmetic_operator_change,Unsafe,behavior,arithmetic_operator_change,Unsafe,0.2306,"{""active"": true, ""amount"": 18049, ""balance"": 799536, ""call_ok"": true, ""limit"": 33964, ""owner_zero"": false, ""sender_owner"": true, ""total"": 604228}"
32,26072126,markethub_unsafe_behavior_02_comparison_operator_change,Unsafe,behavior,comparison_operator_change,Safe,0.3703,
32,26072127,markethub_unsafe_behavior_03_omit_state_update,Unsafe,behavior,omit_state_update,Unsafe,0.2122,"{""active"": true, ""amount"": 9437, ""balance"": 54661, ""call_ok"": false, ""limit"": 13397, ""owner_zero"": false, ""sender_owner"": true, ""total"": 397679}"
32,26072128,listingmarket_safe_01_add_function,Safe,safe,add_function,Safe,0.0,
32,26072129,listingmarket_safe_02_add_event,Safe,safe,add_event,Safe,0.0,
32,26072130,listingmarket_safe_03_rename_internal_state_variable,Safe,safe,rename_internal_state_variable,Safe,0.0,
32,26072131,listingmarket_unsafe_behavior_01_wrong_state_variable,Unsafe,behavior,wrong_state_variable,Unsafe,0.2183,"{""active"": true, ""amount"": 3340, ""balance"": 661618, ""call_ok"": false, ""limit"": 65053, ""owner_zero"": false, ""sender_owner"": true, ""total"": 505128}"
32,26072132,listingmarket_unsafe_behavior_02_return_value_change,Unsafe,behavior,return_value_change,Unsafe,0.1879,"{""active"": true, ""amount"": 40260, ""balance"": 619556, ""call_ok"": false, ""limit"": 50351, ""owner_zero"": true, ""sender_owner"": false, ""total"": 410175}"
32,26072133,listingmarket_unsafe_behavior_03_omit_event,Unsafe,behavior,omit_event,Unsafe,0.1747,"{""active"": true, ""amount"": 31145, ""balance"": 658091, ""call_ok"": false, ""limit"": 58783, ""owner_zero"": true, ""sender_owner"": false, ""total"": 104807}"
32,26072134,rewardpool_safe_01_append_state_variable,Safe,safe,append_state_variable,Safe,0.0,
32,26072135,rewardpool_safe_02_add_function,Safe,safe,add_function,Safe,0.0,
32,26072136,rewardpool_safe_03_add_event,Safe,safe,add_event,Safe,0.0,
32,26072137,rewardpool_unsafe_behavior_01_remove_require,Unsafe,behavior,remove_require,Unsafe,0.2645,"{""active"": false, ""amount"": 2273, ""balance"": 383682, ""call_ok"": false, ""limit"": 29380, ""owner_zero"": true, ""sender_owner"": true, ""total"": 787999}"
32,26072138,rewardpool_unsafe_behavior_02_change_revert_condition,Unsafe,behavior,change_revert_condition,Unsafe,0.2311,"{""active"": true, ""amount"": 45472, ""balance"": 1001102, ""call_ok"": false, ""limit"": 34189, ""owner_zero"": false, ""sender_owner"": false, ""total"": 420702}"
32,26072139,rewardpool_unsafe_behavior_03_remove_access_modifier,Unsafe,behavior,remove_access_modifier,Unsafe,0.1879,"{""active"": true, ""amount"": 57761, ""balance"": 935826, ""call_ok"": true, ""limit"": 60017, ""owner_zero"": false, ""sender_owner"": false, ""total"": 337047}"
32,26072140,incentivevault_safe_01_commute_independent_writes,Safe,safe,commute_independent_writes,Safe,0.3691,
32,26072141,incentivevault_safe_02_valid_domain_guard,Safe,safe,valid_domain_guard,Safe,0.415,
32,26072142,incentivevault_safe_03_consume_storage_gap,Safe,safe,consume_storage_gap,Safe,0.0,
32,26072143,incentivevault_unsafe_behavior_01_change_call_recipient,Unsafe,behavior,change_call_recipient,Unsafe,0.2118,"{""active"": true, ""amount"": 10210, ""balance"": 29884, ""call_ok"": true, ""limit"": 60687, ""owner_zero"": false, ""sender_owner"": true, ""total"": 563530}"
32,26072144,incentivevault_unsafe_behavior_02_external_call_order_change,Unsafe,behavior,external_call_order_change,Unsafe,0.1969,"{""active"": false, ""amount"": 16932, ""balance"": 811991, ""call_ok"": true, ""limit"": 40433, ""owner_zero"": true, ""sender_owner"": true, ""total"": 721237}"
32,26072145,incentivevault_unsafe_behavior_03_success_to_revert,Unsafe,behavior,success_to_revert,Unsafe,0.2008,"{""active"": true, ""amount"": 9462, ""balance"": 453552, ""call_ok"": false, ""limit"": 33758, ""owner_zero"": true, ""sender_owner"": true, ""total"": 549830}"
64,26072026,tokenledger_safe_01_append_state_variable,Safe,safe,append_state_variable,Safe,0.0,
64,26072027,tokenledger_safe_02_add_function,Safe,safe,add_function,Safe,0.0,
64,26072028,tokenledger_safe_03_add_event,Safe,safe,add_event,Safe,0.0,
64,26072029,tokenledger_unsafe_behavior_01_arithmetic_operator_change,Unsafe,behavior,arithmetic_operator_change,Unsafe,0.2171,"{""active"": true, ""amount"": 24571, ""balance"": 460366, ""call_ok"": true, ""limit"": 43000, ""owner_zero"": false, ""sender_owner"": true, ""total"": 501320}"
64,26072030,tokenledger_unsafe_behavior_02_comparison_operator_change,Unsafe,behavior,comparison_operator_change,Safe,0.6846,
64,26072031,tokenledger_unsafe_behavior_03_omit_state_update,Unsafe,behavior,omit_state_update,Unsafe,0.2252,"{""active"": true, ""amount"": 8556, ""balance"": 231519, ""call_ok"": true, ""limit"": 22385, ""owner_zero"": false, ""sender_owner"": true, ""total"": 801819}"
64,26072032,tokenrewards_safe_01_rename_internal_state_variable,Safe,safe,rename_internal_state_variable,Safe,0.0,
64,26072033,tokenrewards_safe_02_rename_local_variable,Safe,safe,rename_local_variable,Safe,0.533,
64,26072034,tokenrewards_safe_03_equivalent_expression_refactor,Safe,safe,equivalent_expression_refactor,Safe,0.483,
64,26072035,tokenrewards_unsafe_behavior_01_wrong_state_variable,Unsafe,behavior,wrong_state_variable,Unsafe,0.2022,"{""active"": true, ""amount"": 18996, ""balance"": 905431, ""call_ok"": true, ""limit"": 32578, ""owner_zero"": false, ""sender_owner"": false, ""total"": 842089}"
64,26072036,tokenrewards_unsafe_behavior_02_return_value_change,Unsafe,behavior,return_value_change,Unsafe,0.1981,"{""active"": true, ""amount"": 1156, ""balance"": 791267, ""call_ok"": true, ""limit"": 40286, ""owner_zero"": true, ""sender_owner"": true, ""total"": 863779}"
64,26072037,tokenrewards_unsafe_behavior_03_omit_event,Unsafe,behavior,omit_event,Unsafe,0.1717,"{""active"": true, ""amount"": 40404, ""balance"": 409277, ""call_ok"": true, ""limit"": 49602, ""owner_zero"": true, ""sender_owner"": true, ""total"": 883346}"
64,26072038,vaultguard_safe_01_extract_internal_function,Safe,safe,extract_internal_function,Safe,0.738,
64,26072039,vaultguard_safe_02_commute_independent_writes,Safe,safe,commute_independent_writes,Safe,0.5926,
64,26072040,vaultguard_safe_03_valid_domain_guard,Safe,safe,valid_domain_guard,Safe,0.5425,
64,26072041,vaultguard_unsafe_behavior_01_remove_require,Unsafe,behavior,remove_require,Unsafe,0.2952,"{""active"": false, ""amount"": 2062, ""balance"": 251541, ""call_ok"": true, ""limit"": 14802, ""owner_zero"": false, ""sender_owner"": false, ""total"": 653962}"
64,26072042,vaultguard_unsafe_behavior_02_change_revert_condition,Unsafe,behavior,change_revert_condition,Unsafe,0.2215,"{""active"": true, ""amount"": 56864, ""balance"": 584398, ""call_ok"": false, ""limit"": 2356, ""owner_zero"": true, ""sender_owner"": true, ""total"": 24761}"
64,26072043,vaultguard_unsafe_behavior_03_remove_access_modifier,Unsafe,behavior,remove_access_modifier,Unsafe,0.2255,"{""active"": false, ""amount"": 16991, ""balance"": 742490, ""call_ok"": true, ""limit"": 8649, ""owner_zero"": true, ""sender_owner"": false, ""total"": 797048}"
64,26072044,yieldvault_safe_01_consume_storage_gap,Safe,safe,consume_storage_gap,Safe,0.0,
64,26072045,yieldvault_safe_02_append_state_variable,Safe,safe,append_state_variable,Safe,0.0,
64,26072046,yieldvault_safe_03_add_function,Safe,safe,add_function,Safe,0.0,
64,26072047,yieldvault_unsafe_behavior_01_change_call_recipient,Unsafe,behavior,change_call_recipient,Unsafe,0.2056,"{""active"": false, ""amount"": 54902, ""balance"": 1001485, ""call_ok"": true, ""limit"": 9540, ""owner_zero"": true, ""sender_owner"": true, ""total"": 575018}"
64,26072048,yieldvault_unsafe_behavior_02_external_call_order_change,Unsafe,behavior,external_call_order_change,Unsafe,0.2013,"{""active"": false, ""amount"": 31993, ""balance"": 1048392, ""call_ok"": true, ""limit"": 16003, ""owner_zero"": false, ""sender_owner"": true, ""total"": 399240}"
64,26072049,yieldvault_unsafe_behavior_03_success_to_revert,Unsafe,behavior,success_to_revert,Unsafe,0.2052,"{""active"": true, ""amount"": 8868, ""balance"": 450291, ""call_ok"": false, ""limit"": 33220, ""owner_zero"": false, ""sender_owner"": true, ""total"": 855539}"
64,26072050,stakepool_safe_01_rename_internal_state_variable,Safe,safe,rename_internal_state_variable,Safe,0.0,
64,26072051,stakepool_safe_02_rename_local_variable,Safe,safe,rename_local_variable,Safe,0.5189,
64,26072052,stakepool_safe_03_equivalent_expression_refactor,Safe,safe,equivalent_expression_refactor,Safe,0.5113,
64,26072053,stakepool_unsafe_behavior_01_conditional_state_update,Unsafe,behavior,conditional_state_update,Safe,0.566,
64,26072054,stakepool_unsafe_behavior_02_conditional_event,Unsafe,behavior,conditional_event,Safe,0.5988,
64,26072055,stakepool_unsafe_behavior_03_revert_data_change,Unsafe,behavior,revert_data_change,Safe,0.5203,
64,26072056,delegatedstake_safe_01_equivalent_expression_refactor,Safe,safe,equivalent_expression_refactor,Safe,0.6301,
64,26072057,delegatedstake_safe_02_extract_internal_function,Safe,safe,extract_internal_function,Safe,0.5431,
64,26072058,delegatedstake_safe_03_commute_independent_writes,Safe,safe,commute_independent_writes,Safe,0.5295,
64,26072059,delegatedstake_unsafe_behavior_01_unsupported_hash_return,Unsafe,behavior,unsupported_hash_return,Unknown,0.1809,
64,26072060,delegatedstake_unsafe_behavior_02_arithmetic_operator_change,Unsafe,behavior,arithmetic_operator_change,Unsafe,0.21,"{""active"": true, ""amount"": 12164, ""balance"": 328715, ""call_ok"": false, ""limit"": 52074, ""owner_zero"": true, ""sender_owner"": true, ""total"": 951265}"
64,26072061,delegatedstake_unsafe_behavior_03_comparison_operator_change,Unsafe,behavior,comparison_operator_change,Safe,0.5769,
64,26072062,ballotbox_safe_01_append_state_variable,Safe,safe,append_state_variable,Safe,0.0,
64,26072063,ballotbox_safe_02_add_function,Safe,safe,add_function,Safe,0.0,
64,26072064,ballotbox_safe_03_add_event,Safe,safe,add_event,Safe,0.0,
64,26072065,ballotbox_unsafe_behavior_01_omit_state_update,Unsafe,behavior,omit_state_update,Unsafe,0.2419,"{""active"": true, ""amount"": 7257, ""balance"": 999844, ""call_ok"": false, ""limit"": 29232, ""owner_zero"": true, ""sender_owner"": false, ""total"": 733428}"
64,26072066,ballotbox_unsafe_behavior_02_wrong_state_variable,Unsafe,behavior,wrong_state_variable,Unsafe,0.2068,"{""active"": true, ""amount"": 21697, ""balance"": 399193, ""call_ok"": false, ""limit"": 60317, ""owner_zero"": true, ""sender_owner"": false, ""total"": 974765}"
64,26072067,ballotbox_unsafe_behavior_03_return_value_change,Unsafe,behavior,return_value_change,Unsafe,0.2831,"{""active"": true, ""amount"": 15194, ""balance"": 925377, ""call_ok"": true, ""limit"": 41071, ""owner_zero"": true, ""sender_owner"": false, ""total"": 300317}"
64,26072068,governancevote_safe_01_add_function,Safe,safe,add_function,Safe,0.0,
64,26072069,governancevote_safe_02_add_event,Safe,safe,add_event,Safe,0.0,
64,26072070,governancevote_safe_03_rename_internal_state_variable,Safe,safe,rename_internal_state_variable,Safe,0.0,
64,26072071,governancevote_unsafe_behavior_01_omit_event,Unsafe,behavior,omit_event,Unsafe,0.2369,"{""active"": true, ""amount"": 22210, ""balance"": 274414, ""call_ok"": false, ""limit"": 29162, ""owner_zero"": false, ""sender_owner"": true, ""total"": 893824}"
64,26072072,governancevote_unsafe_behavior_02_remove_require,Unsafe,behavior,remove_require,Unsafe,0.2039,"{""active"": false, ""amount"": 28695, ""balance"": 709293, ""call_ok"": true, ""limit"": 30401, ""owner_zero"": false, ""sender_owner"": false, ""total"": 795883}"
64,26072073,governancevote_unsafe_behavior_03_change_revert_condition,Unsafe,behavior,change_revert_condition,Unsafe,0.1868,"{""active"": true, ""amount"": 2557, ""balance"": 721050, ""call_ok"": false, ""limit"": 635, ""owner_zero"": true, ""sender_owner"": false, ""total"": 30399}"
64,26072074,assetregistry_safe_01_extract_internal_function,Safe,safe,extract_internal_function,Safe,0.568,
64,26072075,assetregistry_safe_02_commute_independent_writes,Safe,safe,commute_independent_writes,Safe,0.5324,
64,26072076,assetregistry_safe_03_valid_domain_guard,Safe,safe,valid_domain_guard,Safe,0.5797,
64,26072077,assetregistry_unsafe_behavior_01_remove_access_modifier,Unsafe,behavior,remove_access_modifier,Unsafe,0.2444,"{""active"": false, ""amount"": 46178, ""balance"": 888222, ""call_ok"": true, ""limit"": 34281, ""owner_zero"": false, ""sender_owner"": false, ""total"": 518736}"
64,26072078,assetregistry_unsafe_behavior_02_change_call_recipient,Unsafe,behavior,change_call_recipient,Unsafe,0.2003,"{""active"": false, ""amount"": 64679, ""balance"": 282455, ""call_ok"": true, ""limit"": 24175, ""owner_zero"": false, ""sender_owner"": true, ""total"": 900237}"
64,26072079,assetregistry_unsafe_behavior_03_external_call_order_change,Unsafe,behavior,external_call_order_change,Unsafe,0.2058,"{""active"": false, ""amount"": 52736, ""balance"": 940037, ""call_ok"": true, ""limit"": 47179, ""owner_zero"": true, ""sender_owner"": true, ""total"": 746514}"
64,26072080,claimregistry_safe_01_commute_independent_writes,Safe,safe,commute_independent_writes,Safe,0.5459,
64,26072081,claimregistry_safe_02_valid_domain_guard,Safe,safe,valid_domain_guard,Safe,0.5494,
64,26072082,claimregistry_safe_03_consume_storage_gap,Safe,safe,consume_storage_gap,Safe,0.0,
64,26072083,claimregistry_unsafe_behavior_01_success_to_revert,Unsafe,behavior,success_to_revert,Unsafe,0.2291,"{""active"": true, ""amount"": 43047, ""balance"": 184481, ""call_ok"": false, ""limit"": 48537, ""owner_zero"": false, ""sender_owner"": false, ""total"": 457105}"
64,26072084,claimregistry_unsafe_behavior_02_conditional_state_update,Unsafe,behavior,conditional_state_update,Safe,0.5466,
64,26072085,claimregistry_unsafe_behavior_03_conditional_event,Unsafe,behavior,conditional_event,Safe,0.5096,
64,26072086,rolemanager_safe_01_rename_internal_state_variable,Safe,safe,rename_internal_state_variable,Safe,0.0,
64,26072087,rolemanager_safe_02_rename_local_variable,Safe,safe,rename_local_variable,Safe,0.5051,
64,26072088,rolemanager_safe_03_equivalent_expression_refactor,Safe,safe,equivalent_expression_refactor,Safe,0.5233,
64,26072089,rolemanager_unsafe_behavior_01_revert_data_change,Unsafe,behavior,revert_data_change,Safe,0.5104,
64,26072090,rolemanager_unsafe_behavior_02_unsupported_hash_return,Unsafe,behavior,unsupported_hash_return,Unknown,0.1762,
64,26072091,rolemanager_unsafe_behavior_03_arithmetic_operator_change,Unsafe,behavior,arithmetic_operator_change,Unsafe,0.2025,"{""active"": true, ""amount"": 8004, ""balance"": 1005896, ""call_ok"": true, ""limit"": 22575, ""owner_zero"": false, ""sender_owner"": true, ""total"": 151238}"
64,26072092,permissionbook_safe_01_rename_internal_state_variable,Safe,safe,rename_internal_state_variable,Safe,0.0,
64,26072093,permissionbook_safe_02_rename_local_variable,Safe,safe,rename_local_variable,Safe,0.6369,
64,26072094,permissionbook_safe_03_equivalent_expression_refactor,Safe,safe,equivalent_expression_refactor,Safe,0.5375,
64,26072095,permissionbook_unsafe_behavior_01_comparison_operator_change,Unsafe,behavior,comparison_operator_change,Safe,0.4974,
64,26072096,permissionbook_unsafe_behavior_02_omit_state_update,Unsafe,behavior,omit_state_update,Unsafe,0.1886,"{""active"": true, ""amount"": 22596, ""balance"": 548815, ""call_ok"": false, ""limit"": 28376, ""owner_zero"": false, ""sender_owner"": false, ""total"": 725794}"
64,26072097,permissionbook_unsafe_behavior_03_wrong_state_variable,Unsafe,behavior,wrong_state_variable,Unsafe,0.1985,"{""active"": true, ""amount"": 17928, ""balance"": 385203, ""call_ok"": false, ""limit"": 28050, ""owner_zero"": false, ""sender_owner"": true, ""total"": 687353}"
64,26072098,escrowdesk_safe_01_append_state_variable,Safe,safe,append_state_variable,Safe,0.0,
64,26072099,escrowdesk_safe_02_add_function,Safe,safe,add_function,Safe,0.0,
64,26072100,escrowdesk_safe_03_add_event,Safe,safe,add_event,Safe,0.0,
64,26072101,escrowdesk_unsafe_behavior_01_return_value_change,Unsafe,behavior,return_value_change,Unsafe,0.2031,"{""active"": true, ""amount"": 13966, ""balance"": 606067, ""call_ok"": false, ""limit"": 58881, ""owner_zero"": false, ""sender_owner"": true, ""total"": 377402}"
64,26072102,escrowdesk_unsafe_behavior_02_omit_event,Unsafe,behavior,omit_event,Unsafe,0.1824,"{""active"": true, ""amount"": 28784, ""balance"": 274645, ""call_ok"": false, ""limit"": 46099, ""owner_zero"": false, ""sender_owner"": true, ""total"": 924980}"
64,26072103,escrowdesk_unsafe_behavior_03_remove_require,Unsafe,behavior,remove_require,Unsafe,0.1884,"{""active"": false, ""amount"": 24304, ""balance"": 650317, ""call_ok"": false, ""limit"": 56183, ""owner_zero"": true, ""sender_owner"": false, ""total"": 263676}"
64,26072104,milestoneescrow_safe_01_consume_storage_gap,Safe,safe,consume_storage_gap,Safe,0.0,
64,26072105,milestoneescrow_safe_02_append_state_variable,Safe,safe,append_state_variable,Safe,0.0,
64,26072106,milestoneescrow_safe_03_add_function,Safe,safe,add_function,Safe,0.0,
64,26072107,milestoneescrow_unsafe_behavior_01_change_revert_condition,Unsafe,behavior,change_revert_condition,Unsafe,0.2851,"{""active"": true, ""amount"": 46237, ""balance"": 955712, ""call_ok"": false, ""limit"": 25345, ""owner_zero"": true, ""sender_owner"": false, ""total"": 525094}"
64,26072108,milestoneescrow_unsafe_behavior_02_remove_access_modifier,Unsafe,behavior,remove_access_modifier,Unsafe,0.2394,"{""active"": false, ""amount"": 39579, ""balance"": 293346, ""call_ok"": true, ""limit"": 56991, ""owner_zero"": true, ""sender_owner"": false, ""total"": 870009}"
64,26072109,milestoneescrow_unsafe_behavior_03_change_call_recipient,Unsafe,behavior,change_call_recipient,Unsafe,0.2098,"{""active"": false, ""amount"": 10000, ""balance"": 567642, ""call_ok"": true, ""limit"": 4888, ""owner_zero"": false, ""sender_owner"": true, ""total"": 262736}"
64,26072110,crowdfund_safe_01_extract_internal_function,Safe,safe,extract_internal_function,Safe,0.5286,
64,26072111,crowdfund_safe_02_commute_independent_writes,Safe,safe,commute_independent_writes,Safe,0.5624,
64,26072112,crowdfund_safe_03_valid_domain_guard,Safe,safe,valid_domain_guard,Safe,0.5706,
64,26072113,crowdfund_unsafe_behavior_01_external_call_order_change,Unsafe,behavior,external_call_order_change,Unsafe,0.2121,"{""active"": true, ""amount"": 7051, ""balance"": 536580, ""call_ok"": true, ""limit"": 14505, ""owner_zero"": true, ""sender_owner"": true, ""total"": 343275}"
64,26072114,crowdfund_unsafe_behavior_02_success_to_revert,Unsafe,behavior,success_to_revert,Unsafe,0.2333,"{""active"": true, ""amount"": 53751, ""balance"": 964378, ""call_ok"": false, ""limit"": 53992, ""owner_zero"": true, ""sender_owner"": true, ""total"": 372526}"
64,26072115,crowdfund_unsafe_behavior_03_conditional_state_update,Unsafe,behavior,conditional_state_update,Safe,0.5175,
64,26072116,campaignvault_safe_01_equivalent_expression_refactor,Safe,safe,equivalent_expression_refactor,Safe,0.5221,
64,26072117,campaignvault_safe_02_extract_internal_function,Safe,safe,extract_internal_function,Safe,0.532,
64,26072118,campaignvault_safe_03_commute_independent_writes,Safe,safe,commute_independent_writes,Safe,0.5743,
64,26072119,campaignvault_unsafe_behavior_01_conditional_event,Unsafe,behavior,conditional_event,Safe,0.4924,
64,26072120,campaignvault_unsafe_behavior_02_revert_data_change,Unsafe,behavior,revert_data_change,Safe,0.5171,
64,26072121,campaignvault_unsafe_behavior_03_unsupported_hash_return,Unsafe,behavior,unsupported_hash_return,Unknown,0.1721,
64,26072122,markethub_safe_01_rename_internal_state_variable,Safe,safe,rename_internal_state_variable,Safe,0.0,
64,26072123,markethub_safe_02_rename_local_variable,Safe,safe,rename_local_variable,Safe,0.5721,
64,26072124,markethub_safe_03_equivalent_expression_refactor,Safe,safe,equivalent_expression_refactor,Safe,0.9231,
64,26072125,markethub_unsafe_behavior_01_arithmetic_operator_change,Unsafe,behavior,arithmetic_operator_change,Unsafe,0.2361,"{""active"": true, ""amount"": 18049, ""balance"": 799536, ""call_ok"": true, ""limit"": 33964, ""owner_zero"": false, ""sender_owner"": true, ""total"": 604228}"
64,26072126,markethub_unsafe_behavior_02_comparison_operator_change,Unsafe,behavior,comparison_operator_change,Safe,0.5505,
64,26072127,markethub_unsafe_behavior_03_omit_state_update,Unsafe,behavior,omit_state_update,Unsafe,0.2165,"{""active"": true, ""amount"": 9437, ""balance"": 54661, ""call_ok"": false, ""limit"": 13397, ""owner_zero"": false, ""sender_owner"": true, ""total"": 397679}"
64,26072128,listingmarket_safe_01_add_function,Safe,safe,add_function,Safe,0.0,
64,26072129,listingmarket_safe_02_add_event,Safe,safe,add_event,Safe,0.0,
64,26072130,listingmarket_safe_03_rename_internal_state_variable,Safe,safe,rename_internal_state_variable,Safe,0.0,
64,26072131,listingmarket_unsafe_behavior_01_wrong_state_variable,Unsafe,behavior,wrong_state_variable,Unsafe,0.2628,"{""active"": true, ""amount"": 3340, ""balance"": 661618, ""call_ok"": false, ""limit"": 65053, ""owner_zero"": false, ""sender_owner"": true, ""total"": 505128}"
64,26072132,listingmarket_unsafe_behavior_02_return_value_change,Unsafe,behavior,return_value_change,Unsafe,0.213,"{""active"": true, ""amount"": 40260, ""balance"": 619556, ""call_ok"": false, ""limit"": 50351, ""owner_zero"": true, ""sender_owner"": false, ""total"": 410175}"
64,26072133,listingmarket_unsafe_behavior_03_omit_event,Unsafe,behavior,omit_event,Unsafe,0.185,"{""active"": true, ""amount"": 31145, ""balance"": 658091, ""call_ok"": false, ""limit"": 58783, ""owner_zero"": true, ""sender_owner"": false, ""total"": 104807}"
64,26072134,rewardpool_safe_01_append_state_variable,Safe,safe,append_state_variable,Safe,0.0,
64,26072135,rewardpool_safe_02_add_function,Safe,safe,add_function,Safe,0.0,
64,26072136,rewardpool_safe_03_add_event,Safe,safe,add_event,Safe,0.0,
64,26072137,rewardpool_unsafe_behavior_01_remove_require,Unsafe,behavior,remove_require,Unsafe,0.2324,"{""active"": false, ""amount"": 2273, ""balance"": 383682, ""call_ok"": false, ""limit"": 29380, ""owner_zero"": true, ""sender_owner"": true, ""total"": 787999}"
64,26072138,rewardpool_unsafe_behavior_02_change_revert_condition,Unsafe,behavior,change_revert_condition,Unsafe,0.2062,"{""active"": true, ""amount"": 45472, ""balance"": 1001102, ""call_ok"": false, ""limit"": 34189, ""owner_zero"": false, ""sender_owner"": false, ""total"": 420702}"
64,26072139,rewardpool_unsafe_behavior_03_remove_access_modifier,Unsafe,behavior,remove_access_modifier,Unsafe,0.1905,"{""active"": true, ""amount"": 57761, ""balance"": 935826, ""call_ok"": true, ""limit"": 60017, ""owner_zero"": false, ""sender_owner"": false, ""total"": 337047}"
64,26072140,incentivevault_safe_01_commute_independent_writes,Safe,safe,commute_independent_writes,Safe,0.5642,
64,26072141,incentivevault_safe_02_valid_domain_guard,Safe,safe,valid_domain_guard,Safe,0.6095,
64,26072142,incentivevault_safe_03_consume_storage_gap,Safe,safe,consume_storage_gap,Safe,0.0,
64,26072143,incentivevault_unsafe_behavior_01_change_call_recipient,Unsafe,behavior,change_call_recipient,Unsafe,0.2142,"{""active"": true, ""amount"": 10210, ""balance"": 29884, ""call_ok"": true, ""limit"": 60687, ""owner_zero"": false, ""sender_owner"": true, ""total"": 563530}"
64,26072144,incentivevault_unsafe_behavior_02_external_call_order_change,Unsafe,behavior,external_call_order_change,Unsafe,0.2174,"{""active"": false, ""amount"": 16932, ""balance"": 811991, ""call_ok"": true, ""limit"": 40433, ""owner_zero"": true, ""sender_owner"": true, ""total"": 721237}"
64,26072145,incentivevault_unsafe_behavior_03_success_to_revert,Unsafe,behavior,success_to_revert,Unsafe,0.2217,"{""active"": true, ""amount"": 9462, ""balance"": 453552, ""call_ok"": false, ""limit"": 33758, ""owner_zero"": true, ""sender_owner"": true, ""total"": 549830}"
128,26072026,tokenledger_safe_01_append_state_variable,Safe,safe,append_state_variable,Safe,0.0,
128,26072027,tokenledger_safe_02_add_function,Safe,safe,add_function,Safe,0.0,
128,26072028,tokenledger_safe_03_add_event,Safe,safe,add_event,Safe,0.0,
128,26072029,tokenledger_unsafe_behavior_01_arithmetic_operator_change,Unsafe,behavior,arithmetic_operator_change,Unsafe,0.2247,"{""active"": true, ""amount"": 24571, ""balance"": 460366, ""call_ok"": true, ""limit"": 43000, ""owner_zero"": false, ""sender_owner"": true, ""total"": 501320}"
128,26072030,tokenledger_unsafe_behavior_02_comparison_operator_change,Unsafe,behavior,comparison_operator_change,Safe,0.8671,
128,26072031,tokenledger_unsafe_behavior_03_omit_state_update,Unsafe,behavior,omit_state_update,Unsafe,0.2146,"{""active"": true, ""amount"": 8556, ""balance"": 231519, ""call_ok"": true, ""limit"": 22385, ""owner_zero"": false, ""sender_owner"": true, ""total"": 801819}"
128,26072032,tokenrewards_safe_01_rename_internal_state_variable,Safe,safe,rename_internal_state_variable,Safe,0.0,
128,26072033,tokenrewards_safe_02_rename_local_variable,Safe,safe,rename_local_variable,Safe,0.8841,
128,26072034,tokenrewards_safe_03_equivalent_expression_refactor,Safe,safe,equivalent_expression_refactor,Safe,0.8209,
128,26072035,tokenrewards_unsafe_behavior_01_wrong_state_variable,Unsafe,behavior,wrong_state_variable,Unsafe,0.1902,"{""active"": true, ""amount"": 18996, ""balance"": 905431, ""call_ok"": true, ""limit"": 32578, ""owner_zero"": false, ""sender_owner"": false, ""total"": 842089}"
128,26072036,tokenrewards_unsafe_behavior_02_return_value_change,Unsafe,behavior,return_value_change,Unsafe,0.1945,"{""active"": true, ""amount"": 1156, ""balance"": 791267, ""call_ok"": true, ""limit"": 40286, ""owner_zero"": true, ""sender_owner"": true, ""total"": 863779}"
128,26072037,tokenrewards_unsafe_behavior_03_omit_event,Unsafe,behavior,omit_event,Unsafe,0.233,"{""active"": true, ""amount"": 40404, ""balance"": 409277, ""call_ok"": true, ""limit"": 49602, ""owner_zero"": true, ""sender_owner"": true, ""total"": 883346}"
128,26072038,vaultguard_safe_01_extract_internal_function,Safe,safe,extract_internal_function,Safe,0.9389,
128,26072039,vaultguard_safe_02_commute_independent_writes,Safe,safe,commute_independent_writes,Safe,0.9536,
128,26072040,vaultguard_safe_03_valid_domain_guard,Safe,safe,valid_domain_guard,Safe,0.9049,
128,26072041,vaultguard_unsafe_behavior_01_remove_require,Unsafe,behavior,remove_require,Unsafe,0.2156,"{""active"": false, ""amount"": 2062, ""balance"": 251541, ""call_ok"": true, ""limit"": 14802, ""owner_zero"": false, ""sender_owner"": false, ""total"": 653962}"
128,26072042,vaultguard_unsafe_behavior_02_change_revert_condition,Unsafe,behavior,change_revert_condition,Unsafe,0.1941,"{""active"": true, ""amount"": 56864, ""balance"": 584398, ""call_ok"": false, ""limit"": 2356, ""owner_zero"": true, ""sender_owner"": true, ""total"": 24761}"
128,26072043,vaultguard_unsafe_behavior_03_remove_access_modifier,Unsafe,behavior,remove_access_modifier,Unsafe,0.2141,"{""active"": false, ""amount"": 16991, ""balance"": 742490, ""call_ok"": true, ""limit"": 8649, ""owner_zero"": true, ""sender_owner"": false, ""total"": 797048}"
128,26072044,yieldvault_safe_01_consume_storage_gap,Safe,safe,consume_storage_gap,Safe,0.0,
128,26072045,yieldvault_safe_02_append_state_variable,Safe,safe,append_state_variable,Safe,0.0,
128,26072046,yieldvault_safe_03_add_function,Safe,safe,add_function,Safe,0.0,
128,26072047,yieldvault_unsafe_behavior_01_change_call_recipient,Unsafe,behavior,change_call_recipient,Unsafe,0.1993,"{""active"": false, ""amount"": 54902, ""balance"": 1001485, ""call_ok"": true, ""limit"": 9540, ""owner_zero"": true, ""sender_owner"": true, ""total"": 575018}"
128,26072048,yieldvault_unsafe_behavior_02_external_call_order_change,Unsafe,behavior,external_call_order_change,Unsafe,0.1927,"{""active"": false, ""amount"": 31993, ""balance"": 1048392, ""call_ok"": true, ""limit"": 16003, ""owner_zero"": false, ""sender_owner"": true, ""total"": 399240}"
128,26072049,yieldvault_unsafe_behavior_03_success_to_revert,Unsafe,behavior,success_to_revert,Unsafe,0.2194,"{""active"": true, ""amount"": 8868, ""balance"": 450291, ""call_ok"": false, ""limit"": 33220, ""owner_zero"": false, ""sender_owner"": true, ""total"": 855539}"
128,26072050,stakepool_safe_01_rename_internal_state_variable,Safe,safe,rename_internal_state_variable,Safe,0.0,
128,26072051,stakepool_safe_02_rename_local_variable,Safe,safe,rename_local_variable,Safe,0.9995,
128,26072052,stakepool_safe_03_equivalent_expression_refactor,Safe,safe,equivalent_expression_refactor,Safe,0.8795,
128,26072053,stakepool_unsafe_behavior_01_conditional_state_update,Unsafe,behavior,conditional_state_update,Safe,1.0318,
128,26072054,stakepool_unsafe_behavior_02_conditional_event,Unsafe,behavior,conditional_event,Safe,0.9339,
128,26072055,stakepool_unsafe_behavior_03_revert_data_change,Unsafe,behavior,revert_data_change,Safe,0.9112,
128,26072056,delegatedstake_safe_01_equivalent_expression_refactor,Safe,safe,equivalent_expression_refactor,Safe,0.8873,
128,26072057,delegatedstake_safe_02_extract_internal_function,Safe,safe,extract_internal_function,Safe,0.8573,
128,26072058,delegatedstake_safe_03_commute_independent_writes,Safe,safe,commute_independent_writes,Safe,0.8386,
128,26072059,delegatedstake_unsafe_behavior_01_unsupported_hash_return,Unsafe,behavior,unsupported_hash_return,Unknown,0.1757,
128,26072060,delegatedstake_unsafe_behavior_02_arithmetic_operator_change,Unsafe,behavior,arithmetic_operator_change,Unsafe,0.2006,"{""active"": true, ""amount"": 12164, ""balance"": 328715, ""call_ok"": false, ""limit"": 52074, ""owner_zero"": true, ""sender_owner"": true, ""total"": 951265}"
128,26072061,delegatedstake_unsafe_behavior_03_comparison_operator_change,Unsafe,behavior,comparison_operator_change,Safe,0.8954,
128,26072062,ballotbox_safe_01_append_state_variable,Safe,safe,append_state_variable,Safe,0.0,
128,26072063,ballotbox_safe_02_add_function,Safe,safe,add_function,Safe,0.0,
128,26072064,ballotbox_safe_03_add_event,Safe,safe,add_event,Safe,0.0,
128,26072065,ballotbox_unsafe_behavior_01_omit_state_update,Unsafe,behavior,omit_state_update,Unsafe,0.2438,"{""active"": true, ""amount"": 7257, ""balance"": 999844, ""call_ok"": false, ""limit"": 29232, ""owner_zero"": true, ""sender_owner"": false, ""total"": 733428}"
128,26072066,ballotbox_unsafe_behavior_02_wrong_state_variable,Unsafe,behavior,wrong_state_variable,Unsafe,0.2109,"{""active"": true, ""amount"": 21697, ""balance"": 399193, ""call_ok"": false, ""limit"": 60317, ""owner_zero"": true, ""sender_owner"": false, ""total"": 974765}"
128,26072067,ballotbox_unsafe_behavior_03_return_value_change,Unsafe,behavior,return_value_change,Unsafe,0.2028,"{""active"": true, ""amount"": 15194, ""balance"": 925377, ""call_ok"": true, ""limit"": 41071, ""owner_zero"": true, ""sender_owner"": false, ""total"": 300317}"
128,26072068,governancevote_safe_01_add_function,Safe,safe,add_function,Safe,0.0,
128,26072069,governancevote_safe_02_add_event,Safe,safe,add_event,Safe,0.0,
128,26072070,governancevote_safe_03_rename_internal_state_variable,Safe,safe,rename_internal_state_variable,Safe,0.0,
128,26072071,governancevote_unsafe_behavior_01_omit_event,Unsafe,behavior,omit_event,Unsafe,0.2686,"{""active"": true, ""amount"": 22210, ""balance"": 274414, ""call_ok"": false, ""limit"": 29162, ""owner_zero"": false, ""sender_owner"": true, ""total"": 893824}"
128,26072072,governancevote_unsafe_behavior_02_remove_require,Unsafe,behavior,remove_require,Unsafe,0.2444,"{""active"": false, ""amount"": 28695, ""balance"": 709293, ""call_ok"": true, ""limit"": 30401, ""owner_zero"": false, ""sender_owner"": false, ""total"": 795883}"
128,26072073,governancevote_unsafe_behavior_03_change_revert_condition,Unsafe,behavior,change_revert_condition,Unsafe,0.2183,"{""active"": true, ""amount"": 2557, ""balance"": 721050, ""call_ok"": false, ""limit"": 635, ""owner_zero"": true, ""sender_owner"": false, ""total"": 30399}"
128,26072074,assetregistry_safe_01_extract_internal_function,Safe,safe,extract_internal_function,Safe,0.8769,
128,26072075,assetregistry_safe_02_commute_independent_writes,Safe,safe,commute_independent_writes,Safe,0.8882,
128,26072076,assetregistry_safe_03_valid_domain_guard,Safe,safe,valid_domain_guard,Safe,0.8242,
128,26072077,assetregistry_unsafe_behavior_01_remove_access_modifier,Unsafe,behavior,remove_access_modifier,Unsafe,0.2378,"{""active"": false, ""amount"": 46178, ""balance"": 888222, ""call_ok"": true, ""limit"": 34281, ""owner_zero"": false, ""sender_owner"": false, ""total"": 518736}"
128,26072078,assetregistry_unsafe_behavior_02_change_call_recipient,Unsafe,behavior,change_call_recipient,Unsafe,0.1929,"{""active"": false, ""amount"": 64679, ""balance"": 282455, ""call_ok"": true, ""limit"": 24175, ""owner_zero"": false, ""sender_owner"": true, ""total"": 900237}"
128,26072079,assetregistry_unsafe_behavior_03_external_call_order_change,Unsafe,behavior,external_call_order_change,Unsafe,0.2003,"{""active"": false, ""amount"": 52736, ""balance"": 940037, ""call_ok"": true, ""limit"": 47179, ""owner_zero"": true, ""sender_owner"": true, ""total"": 746514}"
128,26072080,claimregistry_safe_01_commute_independent_writes,Safe,safe,commute_independent_writes,Safe,0.8992,
128,26072081,claimregistry_safe_02_valid_domain_guard,Safe,safe,valid_domain_guard,Safe,0.916,
128,26072082,claimregistry_safe_03_consume_storage_gap,Safe,safe,consume_storage_gap,Safe,0.0,
128,26072083,claimregistry_unsafe_behavior_01_success_to_revert,Unsafe,behavior,success_to_revert,Unsafe,0.2252,"{""active"": true, ""amount"": 43047, ""balance"": 184481, ""call_ok"": false, ""limit"": 48537, ""owner_zero"": false, ""sender_owner"": false, ""total"": 457105}"
128,26072084,claimregistry_unsafe_behavior_02_conditional_state_update,Unsafe,behavior,conditional_state_update,Safe,0.8605,
128,26072085,claimregistry_unsafe_behavior_03_conditional_event,Unsafe,behavior,conditional_event,Safe,0.8245,
128,26072086,rolemanager_safe_01_rename_internal_state_variable,Safe,safe,rename_internal_state_variable,Safe,0.0,
128,26072087,rolemanager_safe_02_rename_local_variable,Safe,safe,rename_local_variable,Safe,0.8582,
128,26072088,rolemanager_safe_03_equivalent_expression_refactor,Safe,safe,equivalent_expression_refactor,Safe,0.8365,
128,26072089,rolemanager_unsafe_behavior_01_revert_data_change,Unsafe,behavior,revert_data_change,Safe,0.8597,
128,26072090,rolemanager_unsafe_behavior_02_unsupported_hash_return,Unsafe,behavior,unsupported_hash_return,Unknown,0.2552,
128,26072091,rolemanager_unsafe_behavior_03_arithmetic_operator_change,Unsafe,behavior,arithmetic_operator_change,Unsafe,0.2407,"{""active"": true, ""amount"": 8004, ""balance"": 1005896, ""call_ok"": true, ""limit"": 22575, ""owner_zero"": false, ""sender_owner"": true, ""total"": 151238}"
128,26072092,permissionbook_safe_01_rename_internal_state_variable,Safe,safe,rename_internal_state_variable,Safe,0.0,
128,26072093,permissionbook_safe_02_rename_local_variable,Safe,safe,rename_local_variable,Safe,0.9552,
128,26072094,permissionbook_safe_03_equivalent_expression_refactor,Safe,safe,equivalent_expression_refactor,Safe,0.8643,
128,26072095,permissionbook_unsafe_behavior_01_comparison_operator_change,Unsafe,behavior,comparison_operator_change,Safe,0.8349,
128,26072096,permissionbook_unsafe_behavior_02_omit_state_update,Unsafe,behavior,omit_state_update,Unsafe,0.179,"{""active"": true, ""amount"": 22596, ""balance"": 548815, ""call_ok"": false, ""limit"": 28376, ""owner_zero"": false, ""sender_owner"": false, ""total"": 725794}"
128,26072097,permissionbook_unsafe_behavior_03_wrong_state_variable,Unsafe,behavior,wrong_state_variable,Unsafe,0.1991,"{""active"": true, ""amount"": 17928, ""balance"": 385203, ""call_ok"": false, ""limit"": 28050, ""owner_zero"": false, ""sender_owner"": true, ""total"": 687353}"
128,26072098,escrowdesk_safe_01_append_state_variable,Safe,safe,append_state_variable,Safe,0.0,
128,26072099,escrowdesk_safe_02_add_function,Safe,safe,add_function,Safe,0.0,
128,26072100,escrowdesk_safe_03_add_event,Safe,safe,add_event,Safe,0.0,
128,26072101,escrowdesk_unsafe_behavior_01_return_value_change,Unsafe,behavior,return_value_change,Unsafe,0.2055,"{""active"": true, ""amount"": 13966, ""balance"": 606067, ""call_ok"": false, ""limit"": 58881, ""owner_zero"": false, ""sender_owner"": true, ""total"": 377402}"
128,26072102,escrowdesk_unsafe_behavior_02_omit_event,Unsafe,behavior,omit_event,Unsafe,0.1842,"{""active"": true, ""amount"": 28784, ""balance"": 274645, ""call_ok"": false, ""limit"": 46099, ""owner_zero"": false, ""sender_owner"": true, ""total"": 924980}"
128,26072103,escrowdesk_unsafe_behavior_03_remove_require,Unsafe,behavior,remove_require,Unsafe,0.1972,"{""active"": false, ""amount"": 24304, ""balance"": 650317, ""call_ok"": false, ""limit"": 56183, ""owner_zero"": true, ""sender_owner"": false, ""total"": 263676}"
128,26072104,milestoneescrow_safe_01_consume_storage_gap,Safe,safe,consume_storage_gap,Safe,0.0,
128,26072105,milestoneescrow_safe_02_append_state_variable,Safe,safe,append_state_variable,Safe,0.0,
128,26072106,milestoneescrow_safe_03_add_function,Safe,safe,add_function,Safe,0.0,
128,26072107,milestoneescrow_unsafe_behavior_01_change_revert_condition,Unsafe,behavior,change_revert_condition,Unsafe,0.1987,"{""active"": true, ""amount"": 46237, ""balance"": 955712, ""call_ok"": false, ""limit"": 25345, ""owner_zero"": true, ""sender_owner"": false, ""total"": 525094}"
128,26072108,milestoneescrow_unsafe_behavior_02_remove_access_modifier,Unsafe,behavior,remove_access_modifier,Unsafe,0.3491,"{""active"": false, ""amount"": 39579, ""balance"": 293346, ""call_ok"": true, ""limit"": 56991, ""owner_zero"": true, ""sender_owner"": false, ""total"": 870009}"
128,26072109,milestoneescrow_unsafe_behavior_03_change_call_recipient,Unsafe,behavior,change_call_recipient,Unsafe,0.2126,"{""active"": false, ""amount"": 10000, ""balance"": 567642, ""call_ok"": true, ""limit"": 4888, ""owner_zero"": false, ""sender_owner"": true, ""total"": 262736}"
128,26072110,crowdfund_safe_01_extract_internal_function,Safe,safe,extract_internal_function,Safe,0.8984,
128,26072111,crowdfund_safe_02_commute_independent_writes,Safe,safe,commute_independent_writes,Safe,0.8904,
128,26072112,crowdfund_safe_03_valid_domain_guard,Safe,safe,valid_domain_guard,Safe,0.9188,
128,26072113,crowdfund_unsafe_behavior_01_external_call_order_change,Unsafe,behavior,external_call_order_change,Unsafe,0.2231,"{""active"": true, ""amount"": 7051, ""balance"": 536580, ""call_ok"": true, ""limit"": 14505, ""owner_zero"": true, ""sender_owner"": true, ""total"": 343275}"
128,26072114,crowdfund_unsafe_behavior_02_success_to_revert,Unsafe,behavior,success_to_revert,Unsafe,0.2343,"{""active"": true, ""amount"": 53751, ""balance"": 964378, ""call_ok"": false, ""limit"": 53992, ""owner_zero"": true, ""sender_owner"": true, ""total"": 372526}"
128,26072115,crowdfund_unsafe_behavior_03_conditional_state_update,Unsafe,behavior,conditional_state_update,Safe,0.924,
128,26072116,campaignvault_safe_01_equivalent_expression_refactor,Safe,safe,equivalent_expression_refactor,Safe,0.9135,
128,26072117,campaignvault_safe_02_extract_internal_function,Safe,safe,extract_internal_function,Safe,0.9205,
128,26072118,campaignvault_safe_03_commute_independent_writes,Safe,safe,commute_independent_writes,Safe,0.9114,
128,26072119,campaignvault_unsafe_behavior_01_conditional_event,Unsafe,behavior,conditional_event,Safe,0.8577,
128,26072120,campaignvault_unsafe_behavior_02_revert_data_change,Unsafe,behavior,revert_data_change,Safe,0.8283,
128,26072121,campaignvault_unsafe_behavior_03_unsupported_hash_return,Unsafe,behavior,unsupported_hash_return,Unknown,0.1737,
128,26072122,markethub_safe_01_rename_internal_state_variable,Safe,safe,rename_internal_state_variable,Safe,0.0,
128,26072123,markethub_safe_02_rename_local_variable,Safe,safe,rename_local_variable,Safe,0.9727,
128,26072124,markethub_safe_03_equivalent_expression_refactor,Safe,safe,equivalent_expression_refactor,Safe,0.9038,
128,26072125,markethub_unsafe_behavior_01_arithmetic_operator_change,Unsafe,behavior,arithmetic_operator_change,Unsafe,0.2493,"{""active"": true, ""amount"": 18049, ""balance"": 799536, ""call_ok"": true, ""limit"": 33964, ""owner_zero"": false, ""sender_owner"": true, ""total"": 604228}"
128,26072126,markethub_unsafe_behavior_02_comparison_operator_change,Unsafe,behavior,comparison_operator_change,Safe,0.9184,
128,26072127,markethub_unsafe_behavior_03_omit_state_update,Unsafe,behavior,omit_state_update,Unsafe,0.2266,"{""active"": true, ""amount"": 9437, ""balance"": 54661, ""call_ok"": false, ""limit"": 13397, ""owner_zero"": false, ""sender_owner"": true, ""total"": 397679}"
128,26072128,listingmarket_safe_01_add_function,Safe,safe,add_function,Safe,0.0,
128,26072129,listingmarket_safe_02_add_event,Safe,safe,add_event,Safe,0.0,
128,26072130,listingmarket_safe_03_rename_internal_state_variable,Safe,safe,rename_internal_state_variable,Safe,0.0,
128,26072131,listingmarket_unsafe_behavior_01_wrong_state_variable,Unsafe,behavior,wrong_state_variable,Unsafe,0.2328,"{""active"": true, ""amount"": 3340, ""balance"": 661618, ""call_ok"": false, ""limit"": 65053, ""owner_zero"": false, ""sender_owner"": true, ""total"": 505128}"
128,26072132,listingmarket_unsafe_behavior_02_return_value_change,Unsafe,behavior,return_value_change,Unsafe,0.1921,"{""active"": true, ""amount"": 40260, ""balance"": 619556, ""call_ok"": false, ""limit"": 50351, ""owner_zero"": true, ""sender_owner"": false, ""total"": 410175}"
128,26072133,listingmarket_unsafe_behavior_03_omit_event,Unsafe,behavior,omit_event,Unsafe,0.1886,"{""active"": true, ""amount"": 31145, ""balance"": 658091, ""call_ok"": false, ""limit"": 58783, ""owner_zero"": true, ""sender_owner"": false, ""total"": 104807}"
128,26072134,rewardpool_safe_01_append_state_variable,Safe,safe,append_state_variable,Safe,0.0,
128,26072135,rewardpool_safe_02_add_function,Safe,safe,add_function,Safe,0.0,
128,26072136,rewardpool_safe_03_add_event,Safe,safe,add_event,Safe,0.0,
128,26072137,rewardpool_unsafe_behavior_01_remove_require,Unsafe,behavior,remove_require,Unsafe,0.2396,"{""active"": false, ""amount"": 2273, ""balance"": 383682, ""call_ok"": false, ""limit"": 29380, ""owner_zero"": true, ""sender_owner"": true, ""total"": 787999}"
128,26072138,rewardpool_unsafe_behavior_02_change_revert_condition,Unsafe,behavior,change_revert_condition,Unsafe,0.2177,"{""active"": true, ""amount"": 45472, ""balance"": 1001102, ""call_ok"": false, ""limit"": 34189, ""owner_zero"": false, ""sender_owner"": false, ""total"": 420702}"
128,26072139,rewardpool_unsafe_behavior_03_remove_access_modifier,Unsafe,behavior,remove_access_modifier,Unsafe,0.2028,"{""active"": true, ""amount"": 57761, ""balance"": 935826, ""call_ok"": true, ""limit"": 60017, ""owner_zero"": false, ""sender_owner"": false, ""total"": 337047}"
128,26072140,incentivevault_safe_01_commute_independent_writes,Safe,safe,commute_independent_writes,Safe,0.8974,
128,26072141,incentivevault_safe_02_valid_domain_guard,Safe,safe,valid_domain_guard,Safe,0.9924,
128,26072142,incentivevault_safe_03_consume_storage_gap,Safe,safe,consume_storage_gap,Safe,0.0,
128,26072143,incentivevault_unsafe_behavior_01_change_call_recipient,Unsafe,behavior,change_call_recipient,Unsafe,0.2243,"{""active"": true, ""amount"": 10210, ""balance"": 29884, ""call_ok"": true, ""limit"": 60687, ""owner_zero"": false, ""sender_owner"": true, ""total"": 563530}"
128,26072144,incentivevault_unsafe_behavior_02_external_call_order_change,Unsafe,behavior,external_call_order_change,Unsafe,0.1955,"{""active"": false, ""amount"": 16932, ""balance"": 811991, ""call_ok"": true, ""limit"": 40433, ""owner_zero"": true, ""sender_owner"": true, ""total"": 721237}"
128,26072145,incentivevault_unsafe_behavior_03_success_to_revert,Unsafe,behavior,success_to_revert,Unsafe,0.2118,"{""active"": true, ""amount"": 9462, ""balance"": 453552, ""call_ok"": false, ""limit"": 33758, ""owner_zero"": true, ""sender_owner"": true, ""total"": 549830}"
